Year,Month,Global,NH,SH,Day,Date
1850,1,,-3.277,,15,1850-01-15
1850,2,,0.26,,15,1850-02-15
1850,3,,-1.278,,15,1850-03-15
1850,4,,-1.296,,15,1850-04-15
1850,5,,-1.064,,15,1850-05-15
1850,6,,0.142,,15,1850-06-15
1850,7,,0.376,,15,1850-07-15
1850,8,,0.678,,15,1850-08-15
1850,9,,-0.334,,15,1850-09-15
1850,10,,-1.47,,15,1850-10-15
1850,11,,-0.69,,15,1850-11-15
1850,12,,-0.274,,15,1850-12-15
1851,1,,0.336,,15,1851-01-15
1851,2,,-0.601,,15,1851-02-15
1851,3,,-1.646,,15,1851-03-15
1851,4,,-0.806,,15,1851-04-15
1851,5,,-0.232,,15,1851-05-15
1851,6,,-0.016,,15,1851-06-15
1851,7,,0.002,,15,1851-07-15
1851,8,,0.316,,15,1851-08-15
1851,9,,0.593,,15,1851-09-15
1851,10,,0.406,,15,1851-10-15
1851,11,,-0.359,,15,1851-11-15
1851,12,,-0.137,,15,1851-12-15
1852,1,,-0.402,,15,1852-01-15
1852,2,,-0.619,,15,1852-02-15
1852,3,,-1.197,,15,1852-03-15
1852,4,,-1.916,,15,1852-04-15
1852,5,,0.039,,15,1852-05-15
1852,6,,-0.039,,15,1852-06-15
1852,7,,-0.017,,15,1852-07-15
1852,8,,0.07,,15,1852-08-15
1852,9,,-0.108,,15,1852-09-15
1852,10,,-0.643,,15,1852-10-15
1852,11,,-1.297,,15,1852-11-15
1852,12,,0.872,,15,1852-12-15
1853,1,,0.484,,15,1853-01-15
1853,2,,-0.757,,15,1853-02-15
1853,3,,-1.777,,15,1853-03-15
1853,4,,-1.189,,15,1853-04-15
1853,5,,-0.296,,15,1853-05-15
1853,6,,0.059,,15,1853-06-15
1853,7,,0.49,,15,1853-07-15
1853,8,,0.471,,15,1853-08-15
1853,9,,-0.454,,15,1853-09-15
1853,10,,-0.143,,15,1853-10-15
1853,11,,-1.008,,15,1853-11-15
1853,12,,-1.496,,15,1853-12-15
1854,1,,-1.485,,15,1854-01-15
1854,2,,-0.376,,15,1854-02-15
1854,3,,-0.122,,15,1854-03-15
1854,4,,-1.009,,15,1854-04-15
1854,5,,0.247,,15,1854-05-15
1854,6,,-0.408,,15,1854-06-15
1854,7,,0.71,,15,1854-07-15
1854,8,,0.614,,15,1854-08-15
1854,9,,0.17,,15,1854-09-15
1854,10,,0.808,,15,1854-10-15
1854,11,,-0.608,,15,1854-11-15
1854,12,,0.593,,15,1854-12-15
1855,1,,-0.174,,15,1855-01-15
1855,2,,-1.966,,15,1855-02-15
1855,3,,-1.398,,15,1855-03-15
1855,4,,0.268,,15,1855-04-15
1855,5,,0.205,,15,1855-05-15
1855,6,,-0.068,,15,1855-06-15
1855,7,,0.142,,15,1855-07-15
1855,8,,0.067,,15,1855-08-15
1855,9,,-0.561,,15,1855-09-15
1855,10,,-0.109,,15,1855-10-15
1855,11,,-0.931,,15,1855-11-15
1855,12,,-2.607,,15,1855-12-15
1856,1,,0.131,,15,1856-01-15
1856,2,,-0.804,,15,1856-02-15
1856,3,,-1.986,,15,1856-03-15
1856,4,,-0.573,,15,1856-04-15
1856,5,,-0.616,,15,1856-05-15
1856,6,,0.328,,15,1856-06-15
1856,7,,-0.125,,15,1856-07-15
1856,8,,-0.51,,15,1856-08-15
1856,9,,-0.768,,15,1856-09-15
1856,10,,-0.809,,15,1856-10-15
1856,11,,-1.824,,15,1856-11-15
1856,12,,-0.25,,15,1856-12-15
1857,1,-1.09,-1.224,-0.821,15,1857-01-15
1857,2,-0.419,-0.345,-0.569,15,1857-02-15
1857,3,-0.661,-0.785,-0.414,15,1857-03-15
1857,4,-1.741,-1.817,-1.589,15,1857-04-15
1857,5,-1.2,-1.155,-1.29,15,1857-05-15
1857,6,-0.246,-0.376,0.014,15,1857-06-15
1857,7,-0.167,-0.272,0.044,15,1857-07-15
1857,8,0.041,0.243,-0.361,15,1857-08-15
1857,9,-0.581,-0.575,-0.593,15,1857-09-15
1857,10,-0.812,-0.505,-1.427,15,1857-10-15
1857,11,-0.753,-1.075,-0.109,15,1857-11-15
1857,12,0.316,0.76,-0.571,15,1857-12-15
1858,1,0.196,0.1,0.39,15,1858-01-15
1858,2,-1.218,-1.593,-0.466,15,1858-02-15
1858,3,-0.762,-0.978,-0.328,15,1858-03-15
1858,4,-0.368,-0.285,-0.534,15,1858-04-15
1858,5,-0.419,-0.073,-1.112,15,1858-05-15
1858,6,-0.003,0.451,-0.912,15,1858-06-15
1858,7,-0.273,0.404,-1.628,15,1858-07-15
1858,8,-0.224,-0.215,-0.242,15,1858-08-15
1858,9,-0.192,-0.128,-0.32,15,1858-09-15
1858,10,-0.287,0.238,-1.336,15,1858-10-15
1858,11,-1.695,-2.034,-1.016,15,1858-11-15
1858,12,-0.607,-0.279,-1.262,15,1858-12-15
1859,1,-0.305,0.179,-1.274,15,1859-01-15
1859,2,-0.051,0.691,-1.534,15,1859-02-15
1859,3,-0.332,-0.006,-0.986,15,1859-03-15
1859,4,-0.212,-0.094,-0.448,15,1859-04-15
1859,5,-0.099,0.264,-0.825,15,1859-05-15
1859,6,-0.021,0.189,-0.442,15,1859-06-15
1859,7,0.027,0.248,-0.416,15,1859-07-15
1859,8,-0.085,0.087,-0.428,15,1859-08-15
1859,9,-0.55,-0.362,-0.925,15,1859-09-15
1859,10,-0.205,-0.338,0.062,15,1859-10-15
1859,11,-0.321,0.016,-0.995,15,1859-11-15
1859,12,-0.958,-1.14,-0.593,15,1859-12-15
1860,1,-0.241,-0.214,-0.294,15,1860-01-15
1860,2,-1.296,-1.38,-1.127,15,1860-02-15
1860,3,-1.954,-2.502,-0.858,15,1860-03-15
1860,4,-0.542,-0.517,-0.593,15,1860-04-15
1860,5,-0.525,-0.092,-1.391,15,1860-05-15
1860,6,-0.139,0.144,-0.707,15,1860-06-15
1860,7,-0.104,-0.065,-0.184,15,1860-07-15
1860,8,0.112,0.044,0.249,15,1860-08-15
1860,9,-0.28,-0.143,-0.553,15,1860-09-15
1860,10,-0.479,-0.343,-0.751,15,1860-10-15
1860,11,-1.487,-1.576,-1.307,15,1860-11-15
1860,12,-2.316,-2.913,-1.12,15,1860-12-15
1861,1,-2.213,-2.78,-1.079,15,1861-01-15
1861,2,-0.082,0.177,-0.599,15,1861-02-15
1861,3,0.048,-0.081,0.305,15,1861-03-15
1861,4,-0.866,-1.471,0.344,15,1861-04-15
1861,5,-0.982,-0.88,-1.185,15,1861-05-15
1861,6,-0.038,0.047,-0.209,15,1861-06-15
1861,7,-0.007,0.327,-0.675,15,1861-07-15
1861,8,0.319,0.431,0.096,15,1861-08-15
1861,9,-0.289,-0.254,-0.358,15,1861-09-15
1861,10,-0.389,-0.326,-0.515,15,1861-10-15
1861,11,-0.887,-0.951,-0.758,15,1861-11-15
1861,12,-0.471,-0.352,-0.711,15,1861-12-15
1862,1,-1.571,-2.177,-0.36,15,1862-01-15
1862,2,-1.413,-1.852,-0.537,15,1862-02-15
1862,3,-0.656,-1.136,0.304,15,1862-03-15
1862,4,-0.499,-0.591,-0.313,15,1862-04-15
1862,5,-0.427,-0.474,-0.333,15,1862-05-15
1862,6,-0.344,-0.671,0.311,15,1862-06-15
1862,7,-0.533,-0.432,-0.735,15,1862-07-15
1862,8,-0.748,-0.552,-1.139,15,1862-08-15
1862,9,-0.356,-0.292,-0.483,15,1862-09-15
1862,10,-0.583,-0.51,-0.73,15,1862-10-15
1862,11,-0.919,-1.37,-0.017,15,1862-11-15
1862,12,-1.336,-1.875,-0.258,15,1862-12-15
1863,1,1.062,1.856,-0.525,15,1863-01-15
1863,2,0.214,0.731,-0.82,15,1863-02-15
1863,3,-0.501,-0.168,-1.166,15,1863-03-15
1863,4,-0.406,-0.178,-0.861,15,1863-04-15
1863,5,-0.419,0.095,-1.447,15,1863-05-15
1863,6,-0.499,-0.397,-0.701,15,1863-06-15
1863,7,-0.607,-0.506,-0.809,15,1863-07-15
1863,8,-0.404,0.004,-1.22,15,1863-08-15
1863,9,-0.296,0.13,-1.147,15,1863-09-15
1863,10,-0.694,-0.463,-1.154,15,1863-10-15
1863,11,-0.371,0.051,-1.215,15,1863-11-15
1863,12,-0.654,-0.509,-0.945,15,1863-12-15
1864,1,-1.508,-1.54,-1.444,15,1864-01-15
1864,2,-0.705,-0.359,-1.396,15,1864-02-15
1864,3,-0.471,-0.359,-0.696,15,1864-03-15
1864,4,-0.731,-0.798,-0.596,15,1864-04-15
1864,5,-0.774,-0.907,-0.506,15,1864-05-15
1864,6,0.243,0.508,-0.285,15,1864-06-15
1864,7,-0.235,-0.055,-0.594,15,1864-07-15
1864,8,-0.497,-0.276,-0.937,15,1864-08-15
1864,9,-0.408,-0.441,-0.342,15,1864-09-15
1864,10,-1.373,-1.623,-0.872,15,1864-10-15
1864,11,-1.47,-1.964,-0.482,15,1864-11-15
1864,12,-1.33,-1.639,-0.712,15,1864-12-15
1865,1,-0.203,0.324,-1.256,15,1865-01-15
1865,2,-1.392,-1.889,-0.399,15,1865-02-15
1865,3,-1.515,-2.078,-0.387,15,1865-03-15
1865,4,-0.435,-0.534,-0.236,15,1865-04-15
1865,5,-0.467,-0.045,-1.31,15,1865-05-15
1865,6,-0.27,-0.431,0.054,15,1865-06-15
1865,7,0.104,0.407,-0.502,15,1865-07-15
1865,8,-0.444,-0.35,-0.633,15,1865-08-15
1865,9,0.123,0.376,-0.384,15,1865-09-15
1865,10,-0.526,-0.564,-0.45,15,1865-10-15
1865,11,0.023,0.09,-0.11,15,1865-11-15
1865,12,-0.369,-0.376,-0.355,15,1865-12-15
1866,1,0.656,1.162,-0.355,15,1866-01-15
1866,2,-0.831,-0.917,-0.658,15,1866-02-15
1866,3,-0.942,-1.235,-0.357,15,1866-03-15
1866,4,-0.354,-0.272,-0.518,15,1866-04-15
1866,5,-0.788,-1.094,-0.175,15,1866-05-15
1866,6,-0.036,0.237,-0.581,15,1866-06-15
1866,7,-0.051,0.204,-0.561,15,1866-07-15
1866,8,-0.421,-0.368,-0.525,15,1866-08-15
1866,9,-0.001,0.254,-0.511,15,1866-09-15
1866,10,-0.894,-1.063,-0.555,15,1866-10-15
1866,11,-0.799,-0.527,-1.342,15,1866-11-15
1866,12,-0.543,-0.335,-0.96,15,1866-12-15
1867,1,-0.708,-0.988,-0.148,15,1867-01-15
1867,2,0.134,0.514,-0.624,15,1867-02-15
1867,3,-1.933,-2.571,-0.656,15,1867-03-15
1867,4,-0.803,-0.818,-0.774,15,1867-04-15
1867,5,-1.405,-1.971,-0.274,15,1867-05-15
1867,6,-0.422,-0.508,-0.252,15,1867-06-15
1867,7,-0.362,-0.356,-0.374,15,1867-07-15
1867,8,-0.335,-0.167,-0.669,15,1867-08-15
1867,9,-0.205,-0.074,-0.468,15,1867-09-15
1867,10,-0.09,-0.104,-0.063,15,1867-10-15
1867,11,-0.597,-0.729,-0.333,15,1867-11-15
1867,12,-1.146,-1.342,-0.755,15,1867-12-15
1868,1,-1.314,-1.351,-1.24,15,1868-01-15
1868,2,-1.162,-1.119,-1.248,15,1868-02-15
1868,3,-0.46,-0.375,-0.628,15,1868-03-15
1868,4,-0.811,-0.672,-1.087,15,1868-04-15
1868,5,0.077,0.24,-0.25,15,1868-05-15
1868,6,-0.031,0.125,-0.342,15,1868-06-15
1868,7,0.269,0.683,-0.561,15,1868-07-15
1868,8,0.097,0.375,-0.458,15,1868-08-15
1868,9,-0.413,-0.352,-0.534,15,1868-09-15
1868,10,-0.18,-0.26,-0.021,15,1868-10-15
1868,11,-1.11,-1.384,-0.562,15,1868-11-15
1868,12,-0.353,-0.099,-0.86,15,1868-12-15
1869,1,-0.286,-0.266,-0.325,15,1869-01-15
1869,2,0.63,1.343,-0.795,15,1869-02-15
1869,3,-1.102,-1.356,-0.595,15,1869-03-15
1869,4,-0.5,-0.462,-0.576,15,1869-04-15
1869,5,-0.506,-0.465,-0.59,15,1869-05-15
1869,6,-0.417,-0.344,-0.562,15,1869-06-15
1869,7,-0.391,0.074,-1.323,15,1869-07-15
1869,8,0.171,0.345,-0.178,15,1869-08-15
1869,9,-0.047,0.06,-0.261,15,1869-09-15
1869,10,-0.805,-0.746,-0.925,15,1869-10-15
1869,11,-0.59,-0.634,-0.501,15,1869-11-15
1869,12,-0.546,-0.654,-0.33,15,1869-12-15
1870,1,-0.068,0.159,-0.521,15,1870-01-15
1870,2,-1.215,-1.731,-0.182,15,1870-02-15
1870,3,-1.041,-1.23,-0.665,15,1870-03-15
1870,4,-0.599,-0.477,-0.841,15,1870-04-15
1870,5,-0.251,0.178,-1.109,15,1870-05-15
1870,6,-0.043,0.156,-0.441,15,1870-06-15
1870,7,-0.008,0.471,-0.966,15,1870-07-15
1870,8,-0.72,-0.379,-1.401,15,1870-08-15
1870,9,-0.309,-0.323,-0.281,15,1870-09-15
1870,10,-0.605,-0.769,-0.277,15,1870-10-15
1870,11,-0.181,0.092,-0.726,15,1870-11-15
1870,12,-1.837,-2.436,-0.638,15,1870-12-15
1871,1,-1.281,-1.653,-0.537,15,1871-01-15
1871,2,-1.488,-2.078,-0.308,15,1871-02-15
1871,3,-0.36,0.113,-1.308,15,1871-03-15
1871,4,-0.461,-0.189,-1.006,15,1871-04-15
1871,5,-0.799,-1.047,-0.304,15,1871-05-15
1871,6,-0.519,-0.522,-0.515,15,1871-06-15
1871,7,0.015,0.165,-0.284,15,1871-07-15
1871,8,0.046,0.181,-0.225,15,1871-08-15
1871,9,-0.638,-0.74,-0.434,15,1871-09-15
1871,10,-0.636,-0.521,-0.866,15,1871-10-15
1871,11,-1.217,-1.495,-0.661,15,1871-11-15
1871,12,-1.168,-1.607,-0.29,15,1871-12-15
1872,1,-0.275,-0.374,-0.078,15,1872-01-15
1872,2,-0.693,-0.737,-0.604,15,1872-02-15
1872,3,-0.733,-0.762,-0.674,15,1872-03-15
1872,4,-0.226,0.225,-1.127,15,1872-04-15
1872,5,-0.131,0.348,-1.089,15,1872-05-15
1872,6,-0.103,-0.007,-0.295,15,1872-06-15
1872,7,-0.169,0.057,-0.621,15,1872-07-15
1872,8,-0.36,0.183,-1.447,15,1872-08-15
1872,9,-0.315,-0.091,-0.763,15,1872-09-15
1872,10,-0.112,-0.132,-0.072,15,1872-10-15
1872,11,-0.495,-0.678,-0.13,15,1872-11-15
1872,12,-0.898,-1.122,-0.451,15,1872-12-15
1873,1,-0.312,-0.075,-0.788,15,1873-01-15
1873,2,-0.638,-0.543,-0.829,15,1873-02-15
1873,3,-0.691,-0.623,-0.828,15,1873-03-15
1873,4,-1.091,-1.304,-0.664,15,1873-04-15
1873,5,-0.628,-0.917,-0.05,15,1873-05-15
1873,6,0.242,0.113,0.498,15,1873-06-15
1873,7,-0.208,0.182,-0.989,15,1873-07-15
1873,8,0.052,0.09,-0.024,15,1873-08-15
1873,9,-0.34,-0.62,0.219,15,1873-09-15
1873,10,-0.436,-0.501,-0.307,15,1873-10-15
1873,11,-0.947,-0.876,-1.089,15,1873-11-15
1873,12,-0.049,0.136,-0.418,15,1873-12-15
1874,1,0.008,0.553,-1.08,15,1874-01-15
1874,2,-0.433,-0.129,-1.042,15,1874-02-15
1874,3,-1.034,-0.913,-1.277,15,1874-03-15
1874,4,-0.591,-0.64,-0.494,15,1874-04-15
1874,5,-0.862,-0.544,-1.498,15,1874-05-15
1874,6,-0.461,-0.115,-1.153,15,1874-06-15
1874,7,-0.296,-0.002,-0.885,15,1874-07-15
1874,8,-0.306,-0.158,-0.6,15,1874-08-15
1874,9,-0.037,0.185,-0.479,15,1874-09-15
1874,10,-0.343,-0.03,-0.967,15,1874-10-15
1874,11,-0.713,-0.62,-0.899,15,1874-11-15
1874,12,-0.39,-0.356,-0.457,15,1874-12-15
1875,1,-1.081,-1.463,-0.315,15,1875-01-15
1875,2,-1.341,-1.818,-0.387,15,1875-02-15
1875,3,-1.444,-1.775,-0.781,15,1875-03-15
1875,4,-0.955,-1.19,-0.484,15,1875-04-15
1875,5,-0.316,-0.208,-0.532,15,1875-05-15
1875,6,-0.249,0.181,-1.107,15,1875-06-15
1875,7,-0.204,-0.126,-0.359,15,1875-07-15
1875,8,-0.257,-0.213,-0.344,15,1875-08-15
1875,9,-0.561,-0.66,-0.363,15,1875-09-15
1875,10,-0.755,-0.879,-0.508,15,1875-10-15
1875,11,-1.247,-1.548,-0.645,15,1875-11-15
1875,12,-1.161,-1.186,-1.11,15,1875-12-15
1876,1,-0.415,-0.349,-0.546,15,1876-01-15
1876,2,-0.406,-0.235,-0.748,15,1876-02-15
1876,3,-0.452,-0.732,0.108,15,1876-03-15
1876,4,-0.41,-0.397,-0.435,15,1876-04-15
1876,5,-0.791,-1.037,-0.298,15,1876-05-15
1876,6,-0.092,0.317,-0.91,15,1876-06-15
1876,7,0.142,0.261,-0.095,15,1876-07-15
1876,8,-0.18,0.153,-0.846,15,1876-08-15
1876,9,-0.103,-0.151,-0.009,15,1876-09-15
1876,10,-0.535,-0.455,-0.696,15,1876-10-15
1876,11,-1.361,-1.466,-1.15,15,1876-11-15
1876,12,-1.717,-2.286,-0.579,15,1876-12-15
1877,1,-0.339,-0.558,0.097,15,1877-01-15
1877,2,-0.352,-0.414,-0.229,15,1877-02-15
1877,3,-0.492,-0.899,0.321,15,1877-03-15
1877,4,-0.861,-1.091,-0.401,15,1877-04-15
1877,5,-0.912,-0.832,-1.071,15,1877-05-15
1877,6,-0.092,0.085,-0.444,15,1877-06-15
1877,7,0.208,0.129,0.366,15,1877-07-15
1877,8,0.194,0.288,0.007,15,1877-08-15
1877,9,-0.325,-0.219,-0.538,15,1877-09-15
1877,10,-0.424,-0.55,-0.173,15,1877-10-15
1877,11,0.125,0.242,-0.109,15,1877-11-15
1877,12,-0.147,-0.051,-0.34,15,1877-12-15
1878,1,-0.426,-0.53,-0.219,15,1878-01-15
1878,2,0.354,0.866,-0.671,15,1878-02-15
1878,3,0.612,0.923,-0.01,15,1878-03-15
1878,4,0.227,0.499,-0.317,15,1878-04-15
1878,5,-0.536,-0.348,-0.912,15,1878-05-15
1878,6,-0.119,0.447,-1.25,15,1878-06-15
1878,7,-0.075,0.119,-0.464,15,1878-07-15
1878,8,0.055,0.277,-0.39,15,1878-08-15
1878,9,0.307,0.337,0.248,15,1878-09-15
1878,10,0.12,0.252,-0.144,15,1878-10-15
1878,11,-0.047,-0.107,0.073,15,1878-11-15
1878,12,-1.011,-1.035,-0.961,15,1878-12-15
1879,1,-0.476,-0.492,-0.445,15,1879-01-15
1879,2,-0.602,-0.39,-1.026,15,1879-02-15
1879,3,-0.517,-0.26,-1.032,15,1879-03-15
1879,4,-0.747,-0.583,-1.075,15,1879-04-15
1879,5,-0.651,-0.35,-1.252,15,1879-05-15
1879,6,-0.647,-0.415,-1.112,15,1879-06-15
1879,7,-0.364,-0.221,-0.651,15,1879-07-15
1879,8,-0.315,-0.257,-0.431,15,1879-08-15
1879,9,-0.34,-0.351,-0.318,15,1879-09-15
1879,10,-0.096,0.163,-0.614,15,1879-10-15
1879,11,-0.896,-1.152,-0.382,15,1879-11-15
1879,12,-1.317,-1.608,-0.736,15,1879-12-15
1880,1,-0.112,0.109,-0.554,15,1880-01-15
1880,2,-0.422,-0.478,-0.311,15,1880-02-15
1880,3,-0.496,-0.607,-0.276,15,1880-03-15
1880,4,-0.412,-0.348,-0.541,15,1880-04-15
1880,5,-0.219,-0.046,-0.566,15,1880-05-15
1880,6,-0.19,-0.233,-0.104,15,1880-06-15
1880,7,-0.275,-0.163,-0.498,15,1880-07-15
1880,8,0.083,-0.06,0.367,15,1880-08-15
1880,9,-0.239,-0.191,-0.333,15,1880-09-15
1880,10,-1.077,-1.099,-1.033,15,1880-10-15
1880,11,-0.943,-1.362,-0.106,15,1880-11-15
1880,12,-0.698,-1.017,-0.059,15,1880-12-15
1881,1,-1.215,-1.414,-0.818,15,1881-01-15
1881,2,-0.77,-0.971,-0.367,15,1881-02-15
1881,3,-0.882,-1.104,-0.437,15,1881-03-15
1881,4,-0.46,-0.524,-0.333,15,1881-04-15
1881,5,-0.133,-0.119,-0.163,15,1881-05-15
1881,6,-0.704,-0.544,-1.026,15,1881-06-15
1881,7,-0.292,-0.004,-0.868,15,1881-07-15
1881,8,-0.079,0.076,-0.389,15,1881-08-15
1881,9,-0.052,-0.111,0.067,15,1881-09-15
1881,10,-0.576,-0.688,-0.353,15,1881-10-15
1881,11,-0.658,-0.717,-0.541,15,1881-11-15
1881,12,0.075,-0.126,0.478,15,1881-12-15
1882,1,0.696,0.982,0.123,15,1882-01-15
1882,2,0.043,0.363,-0.598,15,1882-02-15
1882,3,0.06,0.194,-0.207,15,1882-03-15
1882,4,-0.758,-0.703,-0.866,15,1882-04-15
1882,5,-0.739,-0.711,-0.794,15,1882-05-15
1882,6,-0.729,-0.544,-1.098,15,1882-06-15
1882,7,-0.536,-0.401,-0.807,15,1882-07-15
1882,8,0.004,-0.027,0.068,15,1882-08-15
1882,9,-0.016,-0.2,0.353,15,1882-09-15
1882,10,-0.403,-0.685,0.159,15,1882-10-15
1882,11,-0.883,-1.16,-0.327,15,1882-11-15
1882,12,-1.309,-1.506,-0.914,15,1882-12-15
1883,1,-1.09,-1.406,-0.457,15,1883-01-15
1883,2,-0.943,-1.054,-0.72,15,1883-02-15
1883,3,-0.984,-1.209,-0.533,15,1883-03-15
1883,4,-0.717,-0.669,-0.813,15,1883-04-15
1883,5,-0.629,-0.521,-0.845,15,1883-05-15
1883,6,-0.05,-0.112,0.072,15,1883-06-15
1883,7,-0.297,-0.189,-0.512,15,1883-07-15
1883,8,-0.417,-0.378,-0.496,15,1883-08-15
1883,9,-0.512,-0.362,-0.813,15,1883-09-15
1883,10,-0.495,-0.37,-0.746,15,1883-10-15
1883,11,-0.714,-0.775,-0.591,15,1883-11-15
1883,12,-0.4,-0.364,-0.472,15,1883-12-15
1884,1,-0.571,-0.578,-0.557,15,1884-01-15
1884,2,-0.525,-0.488,-0.598,15,1884-02-15
1884,3,-0.92,-1.21,-0.339,15,1884-03-15
1884,4,-1.156,-1.373,-0.721,15,1884-04-15
1884,5,-1.205,-0.978,-1.659,15,1884-05-15
1884,6,-0.813,-0.808,-0.824,15,1884-06-15
1884,7,-0.758,-0.642,-0.99,15,1884-07-15
1884,8,-0.271,-0.75,0.687,15,1884-08-15
1884,9,-0.57,-0.623,-0.466,15,1884-09-15
1884,10,-0.623,-0.546,-0.777,15,1884-10-15
1884,11,-0.992,-1.224,-0.528,15,1884-11-15
1884,12,-0.73,-0.654,-0.881,15,1884-12-15
1885,1,-1.388,-1.726,-0.713,15,1885-01-15
1885,2,-0.844,-0.782,-0.969,15,1885-02-15
1885,3,-1.042,-0.801,-1.525,15,1885-03-15
1885,4,-1.039,-0.871,-1.375,15,1885-04-15
1885,5,-1.092,-1.145,-0.986,15,1885-05-15
1885,6,-0.804,-0.669,-1.074,15,1885-06-15
1885,7,-0.401,-0.195,-0.813,15,1885-07-15
1885,8,-0.564,-0.671,-0.349,15,1885-08-15
1885,9,-0.376,-0.578,0.026,15,1885-09-15
1885,10,-0.607,-0.912,0.004,15,1885-10-15
1885,11,-0.651,-1.029,0.105,15,1885-11-15
1885,12,-0.102,-0.17,0.035,15,1885-12-15
1886,1,-0.871,-1.379,0.145,15,1886-01-15
1886,2,-1.121,-1.407,-0.549,15,1886-02-15
1886,3,-1.054,-1.301,-0.56,15,1886-03-15
1886,4,-0.478,-0.477,-0.481,15,1886-04-15
1886,5,-0.559,-0.389,-0.901,15,1886-05-15
1886,6,-0.676,-0.556,-0.916,15,1886-06-15
1886,7,-0.238,-0.097,-0.52,15,1886-07-15
1886,8,-0.349,-0.276,-0.494,15,1886-08-15
1886,9,-0.155,-0.189,-0.087,15,1886-09-15
1886,10,-0.594,-0.399,-0.985,15,1886-10-15
1886,11,-0.52,-0.665,-0.23,15,1886-11-15
1886,12,-0.276,-0.128,-0.572,15,1886-12-15
1887,1,-0.913,-1.318,-0.105,15,1887-01-15
1887,2,-0.93,-0.877,-1.037,15,1887-02-15
1887,3,-0.678,-0.717,-0.599,15,1887-03-15
1887,4,-0.816,-0.735,-0.977,15,1887-04-15
1887,5,-0.522,-0.148,-1.27,15,1887-05-15
1887,6,-0.477,-0.418,-0.597,15,1887-06-15
1887,7,-0.335,-0.147,-0.713,15,1887-07-15
1887,8,-0.487,-0.614,-0.233,15,1887-08-15
1887,9,-0.297,-0.048,-0.794,15,1887-09-15
1887,10,-0.839,-0.972,-0.573,15,1887-10-15
1887,11,-0.743,-0.612,-1.006,15,1887-11-15
1887,12,-0.766,-0.873,-0.551,15,1887-12-15
1888,1,-1.075,-1.339,-0.548,15,1888-01-15
1888,2,-1.101,-1.296,-0.711,15,1888-02-15
1888,3,-1.491,-1.698,-1.076,15,1888-03-15
1888,4,-0.447,-0.39,-0.562,15,1888-04-15
1888,5,-0.793,-0.602,-1.176,15,1888-05-15
1888,6,-0.521,-0.46,-0.641,15,1888-06-15
1888,7,-0.392,-0.332,-0.513,15,1888-07-15
1888,8,-0.386,-0.398,-0.363,15,1888-08-15
1888,9,-0.26,-0.31,-0.159,15,1888-09-15
1888,10,-0.351,-0.417,-0.218,15,1888-10-15
1888,11,-0.41,-0.73,0.23,15,1888-11-15
1888,12,-0.475,-0.843,0.26,15,1888-12-15
1889,1,-0.593,-0.86,-0.06,15,1889-01-15
1889,2,-0.309,-0.47,0.014,15,1889-02-15
1889,3,-0.355,-0.601,0.137,15,1889-03-15
1889,4,-0.015,0.07,-0.186,15,1889-04-15
1889,5,0.114,0.165,0.011,15,1889-05-15
1889,6,-0.063,0.038,-0.266,15,1889-06-15
1889,7,-0.263,-0.145,-0.498,15,1889-07-15
1889,8,-0.371,-0.163,-0.788,15,1889-08-15
1889,9,-0.471,-0.388,-0.638,15,1889-09-15
1889,10,-0.346,-0.431,-0.174,15,1889-10-15
1889,11,-0.784,-1.021,-0.309,15,1889-11-15
1889,12,-0.133,-0.174,-0.051,15,1889-12-15
1890,1,-0.428,-0.377,-0.53,15,1890-01-15
1890,2,-0.5,-0.335,-0.83,15,1890-02-15
1890,3,-0.631,-0.639,-0.614,15,1890-03-15
1890,4,-0.38,-0.209,-0.722,15,1890-04-15
1890,5,-0.719,-0.589,-0.978,15,1890-05-15
1890,6,-0.289,-0.291,-0.285,15,1890-06-15
1890,7,-0.377,-0.108,-0.917,15,1890-07-15
1890,8,-0.354,-0.098,-0.867,15,1890-08-15
1890,9,-0.19,-0.08,-0.411,15,1890-09-15
1890,10,-0.417,-0.267,-0.718,15,1890-10-15
1890,11,-0.97,-1.102,-0.706,15,1890-11-15
1890,12,-0.688,-0.68,-0.702,15,1890-12-15
1891,1,-1.006,-1.007,-1.003,15,1891-01-15
1891,2,-0.947,-0.974,-0.894,15,1891-02-15
1891,3,-0.595,-0.679,-0.426,15,1891-03-15
1891,4,-0.843,-0.845,-0.837,15,1891-04-15
1891,5,-0.516,-0.548,-0.451,15,1891-05-15
1891,6,-0.438,-0.42,-0.475,15,1891-06-15
1891,7,-0.417,-0.28,-0.692,15,1891-07-15
1891,8,-0.455,-0.27,-0.826,15,1891-08-15
1891,9,-0.266,-0.019,-0.761,15,1891-09-15
1891,10,-0.579,-0.563,-0.611,15,1891-10-15
1891,11,-0.983,-1.322,-0.305,15,1891-11-15
1891,12,0.009,0.282,-0.537,15,1891-12-15
1892,1,-0.793,-0.993,-0.393,15,1892-01-15
1892,2,-0.206,-0.252,-0.114,15,1892-02-15
1892,3,-0.95,-1.364,-0.12,15,1892-03-15
1892,4,-0.936,-0.902,-1.006,15,1892-04-15
1892,5,-0.757,-0.557,-1.155,15,1892-05-15
1892,6,-0.402,-0.134,-0.938,15,1892-06-15
1892,7,-0.429,-0.313,-0.66,15,1892-07-15
1892,8,-0.308,-0.243,-0.439,15,1892-08-15
1892,9,-0.252,0.06,-0.876,15,1892-09-15
1892,10,-0.391,-0.246,-0.681,15,1892-10-15
1892,11,-0.866,-1.107,-0.384,15,1892-11-15
1892,12,-1.413,-1.668,-0.902,15,1892-12-15
1893,1,-2.21,-2.802,-1.026,15,1893-01-15
1893,2,-1.573,-1.904,-0.911,15,1893-02-15
1893,3,-0.523,-0.577,-0.415,15,1893-03-15
1893,4,-0.584,-0.486,-0.78,15,1893-04-15
1893,5,-0.72,-0.763,-0.632,15,1893-05-15
1893,6,-0.394,-0.165,-0.853,15,1893-06-15
1893,7,-0.099,-0.03,-0.236,15,1893-07-15
1893,8,-0.341,-0.161,-0.699,15,1893-08-15
1893,9,-0.344,-0.158,-0.716,15,1893-09-15
1893,10,-0.229,-0.06,-0.566,15,1893-10-15
1893,11,-0.455,-0.439,-0.486,15,1893-11-15
1893,12,-0.461,-0.482,-0.419,15,1893-12-15
1894,1,-0.696,-0.795,-0.498,15,1894-01-15
1894,2,-0.371,-0.142,-0.829,15,1894-02-15
1894,3,-0.254,-0.06,-0.642,15,1894-03-15
1894,4,-0.531,-0.325,-0.943,15,1894-04-15
1894,5,-0.541,-0.16,-1.305,15,1894-05-15
1894,6,-0.601,-0.344,-1.114,15,1894-06-15
1894,7,-0.41,-0.054,-1.122,15,1894-07-15
1894,8,-0.318,-0.072,-0.809,15,1894-08-15
1894,9,-0.637,-0.386,-1.14,15,1894-09-15
1894,10,-0.369,-0.34,-0.428,15,1894-10-15
1894,11,-0.485,-0.695,-0.065,15,1894-11-15
1894,12,-0.544,-0.523,-0.587,15,1894-12-15
1895,1,-1.225,-1.381,-0.912,15,1895-01-15
1895,2,-1.515,-1.843,-0.86,15,1895-02-15
1895,3,-0.771,-0.839,-0.635,15,1895-03-15
1895,4,-0.5,-0.361,-0.776,15,1895-04-15
1895,5,-0.483,-0.284,-0.881,15,1895-05-15
1895,6,-0.382,-0.347,-0.453,15,1895-06-15
1895,7,-0.564,-0.262,-1.167,15,1895-07-15
1895,8,-0.336,-0.306,-0.397,15,1895-08-15
1895,9,-0.168,0.115,-0.734,15,1895-09-15
1895,10,-0.316,-0.327,-0.293,15,1895-10-15
1895,11,-0.415,-0.382,-0.48,15,1895-11-15
1895,12,-0.295,-0.407,-0.069,15,1895-12-15
1896,1,-0.368,-0.487,-0.13,15,1896-01-15
1896,2,-0.364,-0.351,-0.391,15,1896-02-15
1896,3,-0.94,-1.165,-0.489,15,1896-03-15
1896,4,-0.895,-1.028,-0.629,15,1896-04-15
1896,5,-0.33,-0.087,-0.817,15,1896-05-15
1896,6,-0.245,0.15,-1.034,15,1896-06-15
1896,7,-0.222,-0.031,-0.603,15,1896-07-15
1896,8,-0.275,-0.141,-0.544,15,1896-08-15
1896,9,-0.196,-0.119,-0.35,15,1896-09-15
1896,10,0.105,0.09,0.135,15,1896-10-15
1896,11,-0.942,-1.198,-0.43,15,1896-11-15
1896,12,-0.182,-0.334,0.121,15,1896-12-15
1897,1,-0.682,-0.733,-0.579,15,1897-01-15
1897,2,-0.563,-0.594,-0.5,15,1897-02-15
1897,3,-0.897,-1.108,-0.476,15,1897-03-15
1897,4,-0.119,-0.214,0.071,15,1897-04-15
1897,5,-0.036,0.256,-0.621,15,1897-05-15
1897,6,-0.15,-0.101,-0.249,15,1897-06-15
1897,7,-0.094,0.115,-0.512,15,1897-07-15
1897,8,-0.202,0.073,-0.751,15,1897-08-15
1897,9,-0.018,0.28,-0.615,15,1897-09-15
1897,10,-0.273,-0.115,-0.59,15,1897-10-15
1897,11,-0.441,-0.672,0.021,15,1897-11-15
1897,12,-0.547,-0.805,-0.031,15,1897-12-15
1898,1,0.25,0.463,-0.178,15,1898-01-15
1898,2,-0.663,-0.797,-0.395,15,1898-02-15
1898,3,-1.47,-1.935,-0.541,15,1898-03-15
1898,4,-0.774,-0.729,-0.864,15,1898-04-15
1898,5,-0.686,-0.431,-1.195,15,1898-05-15
1898,6,-0.223,-0.171,-0.326,15,1898-06-15
1898,7,-0.303,-0.124,-0.662,15,1898-07-15
1898,8,-0.144,0.072,-0.575,15,1898-08-15
1898,9,-0.099,0.012,-0.321,15,1898-09-15
1898,10,-0.596,-0.574,-0.638,15,1898-10-15
1898,11,-0.465,-0.511,-0.374,15,1898-11-15
1898,12,-0.18,-0.144,-0.251,15,1898-12-15
1899,1,-0.206,0.1,-0.818,15,1899-01-15
1899,2,-0.801,-1.055,-0.293,15,1899-02-15
1899,3,-0.922,-1.271,-0.225,15,1899-03-15
1899,4,-0.363,-0.394,-0.302,15,1899-04-15
1899,5,-0.559,-0.4,-0.878,15,1899-05-15
1899,6,-0.61,-0.47,-0.891,15,1899-06-15
1899,7,-0.258,-0.14,-0.495,15,1899-07-15
1899,8,-0.217,-0.083,-0.485,15,1899-08-15
1899,9,0.039,0.121,-0.125,15,1899-09-15
1899,10,-0.175,0.125,-0.774,15,1899-10-15
1899,11,0.31,0.727,-0.525,15,1899-11-15
1899,12,-0.645,-1.015,0.095,15,1899-12-15
1900,1,-0.642,-0.846,-0.236,15,1900-01-15
1900,2,-0.427,-0.746,0.21,15,1900-02-15
1900,3,-0.416,-0.437,-0.374,15,1900-03-15
1900,4,-0.464,-0.505,-0.382,15,1900-04-15
1900,5,-0.246,-0.122,-0.493,15,1900-05-15
1900,6,-0.016,-0.069,0.091,15,1900-06-15
1900,7,-0.261,-0.209,-0.365,15,1900-07-15
1900,8,-0.137,0.01,-0.429,15,1900-08-15
1900,9,-0.247,-0.115,-0.512,15,1900-09-15
1900,10,0.29,0.486,-0.102,15,1900-10-15
1900,11,-0.203,-0.356,0.102,15,1900-11-15
1900,12,0.026,0.167,-0.256,15,1900-12-15
1901,1,-0.308,-0.271,-0.384,15,1901-01-15
1901,2,-0.429,-0.513,-0.259,15,1901-02-15
1901,3,-0.067,0.143,-0.488,15,1901-03-15
1901,4,-0.018,0.212,-0.476,15,1901-04-15
1901,5,-0.188,-0.15,-0.266,15,1901-05-15
1901,6,0.084,0.159,-0.068,15,1901-06-15
1901,7,-0.05,0.239,-0.628,15,1901-07-15
1901,8,-0.066,0.114,-0.427,15,1901-08-15
1901,9,-0.09,-0.203,0.136,15,1901-09-15
1901,10,-0.196,-0.136,-0.317,15,1901-10-15
1901,11,-0.34,-0.525,0.03,15,1901-11-15
1901,12,-0.471,-0.702,-0.008,15,1901-12-15
1902,1,-0.127,0.084,-0.547,15,1902-01-15
1902,2,-0.065,0.008,-0.211,15,1902-02-15
1902,3,-0.516,-0.604,-0.34,15,1902-03-15
1902,4,-0.518,-0.769,-0.018,15,1902-04-15
1902,5,-0.492,-0.713,-0.051,15,1902-05-15
1902,6,-0.327,-0.491,0.0,15,1902-06-15
1902,7,-0.411,-0.436,-0.36,15,1902-07-15
1902,8,-0.48,-0.238,-0.965,15,1902-08-15
1902,9,-0.39,-0.422,-0.325,15,1902-09-15
1902,10,-0.6,-0.624,-0.55,15,1902-10-15
1902,11,-0.786,-1.096,-0.166,15,1902-11-15
1902,12,-0.931,-1.229,-0.335,15,1902-12-15
1903,1,-0.276,-0.14,-0.549,15,1903-01-15
1903,2,0.132,0.42,-0.444,15,1903-02-15
1903,3,-0.194,-0.215,-0.151,15,1903-03-15
1903,4,-0.61,-0.556,-0.718,15,1903-04-15
1903,5,-0.617,-0.637,-0.576,15,1903-05-15
1903,6,-0.571,-0.643,-0.426,15,1903-06-15
1903,7,-0.488,-0.515,-0.436,15,1903-07-15
1903,8,-0.417,-0.431,-0.39,15,1903-08-15
1903,9,-0.33,-0.362,-0.268,15,1903-09-15
1903,10,-0.601,-0.544,-0.713,15,1903-10-15
1903,11,-0.609,-0.586,-0.656,15,1903-11-15
1903,12,-0.759,-0.681,-0.915,15,1903-12-15
1904,1,-0.84,-0.852,-0.815,15,1904-01-15
1904,2,-0.789,-0.651,-1.066,15,1904-02-15
1904,3,-0.88,-0.824,-0.991,15,1904-03-15
1904,4,-0.491,-0.611,-0.25,15,1904-04-15
1904,5,-0.494,-0.394,-0.692,15,1904-05-15
1904,6,-0.439,-0.445,-0.427,15,1904-06-15
1904,7,-0.501,-0.558,-0.389,15,1904-07-15
1904,8,-0.384,-0.32,-0.513,15,1904-08-15
1904,9,-0.5,-0.532,-0.435,15,1904-09-15
1904,10,-0.398,-0.205,-0.782,15,1904-10-15
1904,11,-0.247,-0.117,-0.508,15,1904-11-15
1904,12,-0.466,-0.384,-0.629,15,1904-12-15
1905,1,-0.476,-0.517,-0.396,15,1905-01-15
1905,2,-1.239,-1.391,-0.935,15,1905-02-15
1905,3,-0.505,-0.551,-0.413,15,1905-03-15
1905,4,-0.668,-0.831,-0.342,15,1905-04-15
1905,5,-0.396,-0.359,-0.468,15,1905-05-15
1905,6,-0.153,-0.171,-0.116,15,1905-06-15
1905,7,-0.314,-0.105,-0.732,15,1905-07-15
1905,8,-0.237,-0.115,-0.48,15,1905-08-15
1905,9,-0.178,0.021,-0.577,15,1905-09-15
1905,10,-0.452,-0.332,-0.692,15,1905-10-15
1905,11,-0.031,0.186,-0.465,15,1905-11-15
1905,12,-0.076,0.083,-0.396,15,1905-12-15
1906,1,-0.082,-0.177,0.107,15,1906-01-15
1906,2,-0.49,-0.79,0.111,15,1906-02-15
1906,3,-0.508,-0.582,-0.36,15,1906-03-15
1906,4,0.134,0.197,0.009,15,1906-04-15
1906,5,-0.031,0.001,-0.096,15,1906-05-15
1906,6,-0.07,0.128,-0.466,15,1906-06-15
1906,7,-0.2,-0.155,-0.291,15,1906-07-15
1906,8,-0.09,0.042,-0.352,15,1906-08-15
1906,9,-0.262,-0.09,-0.607,15,1906-09-15
1906,10,-0.122,-0.0,-0.366,15,1906-10-15
1906,11,-0.603,-0.476,-0.856,15,1906-11-15
1906,12,-0.105,0.191,-0.696,15,1906-12-15
1907,1,-0.717,-0.811,-0.528,15,1907-01-15
1907,2,-0.784,-0.987,-0.376,15,1907-02-15
1907,3,-0.534,-0.526,-0.55,15,1907-03-15
1907,4,-0.774,-0.879,-0.563,15,1907-04-15
1907,5,-0.928,-1.027,-0.728,15,1907-05-15
1907,6,-0.663,-0.705,-0.58,15,1907-06-15
1907,7,-0.442,-0.389,-0.547,15,1907-07-15
1907,8,-0.529,-0.401,-0.784,15,1907-08-15
1907,9,-0.356,-0.243,-0.582,15,1907-09-15
1907,10,-0.11,0.059,-0.447,15,1907-10-15
1907,11,-0.795,-0.886,-0.614,15,1907-11-15
1907,12,-0.661,-0.628,-0.728,15,1907-12-15
1908,1,-0.309,-0.357,-0.213,15,1908-01-15
1908,2,-0.32,-0.261,-0.439,15,1908-02-15
1908,3,-0.9,-1.142,-0.416,15,1908-03-15
1908,4,-0.585,-0.551,-0.652,15,1908-04-15
1908,5,-0.407,-0.309,-0.603,15,1908-05-15
1908,6,-0.286,-0.16,-0.536,15,1908-06-15
1908,7,-0.299,-0.257,-0.384,15,1908-07-15
1908,8,-0.434,-0.365,-0.573,15,1908-08-15
1908,9,-0.196,-0.04,-0.508,15,1908-09-15
1908,10,-0.465,-0.346,-0.702,15,1908-10-15
1908,11,-0.773,-0.95,-0.42,15,1908-11-15
1908,12,-0.484,-0.572,-0.308,15,1908-12-15
1909,1,-0.745,-0.859,-0.519,15,1909-01-15
1909,2,-0.565,-0.475,-0.744,15,1909-02-15
1909,3,-0.898,-1.134,-0.426,15,1909-03-15
1909,4,-0.746,-0.864,-0.511,15,1909-04-15
1909,5,-0.746,-0.715,-0.807,15,1909-05-15
1909,6,-0.365,-0.353,-0.388,15,1909-06-15
1909,7,-0.33,-0.276,-0.437,15,1909-07-15
1909,8,0.06,0.041,0.097,15,1909-08-15
1909,9,-0.068,0.074,-0.35,15,1909-09-15
1909,10,-0.089,0.005,-0.279,15,1909-10-15
1909,11,-0.039,0.218,-0.551,15,1909-11-15
1909,12,-0.66,-0.578,-0.823,15,1909-12-15
1910,1,-0.177,-0.028,-0.475,15,1910-01-15
1910,2,-0.318,-0.232,-0.49,15,1910-02-15
1910,3,-0.471,-0.237,-0.938,15,1910-03-15
1910,4,-0.344,-0.276,-0.479,15,1910-04-15
1910,5,-0.316,-0.316,-0.318,15,1910-05-15
1910,6,-0.297,-0.359,-0.174,15,1910-06-15
1910,7,-0.172,-0.099,-0.318,15,1910-07-15
1910,8,-0.134,-0.196,-0.012,15,1910-08-15
1910,9,-0.178,-0.27,0.006,15,1910-09-15
1910,10,-0.392,-0.191,-0.793,15,1910-10-15
1910,11,-0.834,-0.871,-0.76,15,1910-11-15
1910,12,-0.788,-0.831,-0.702,15,1910-12-15
1911,1,-0.678,-0.72,-0.593,15,1911-01-15
1911,2,-0.9,-0.954,-0.791,15,1911-02-15
1911,3,-0.884,-0.962,-0.729,15,1911-03-15
1911,4,-0.703,-0.644,-0.822,15,1911-04-15
1911,5,-0.406,-0.323,-0.571,15,1911-05-15
1911,6,-0.401,-0.122,-0.961,15,1911-06-15
1911,7,-0.209,-0.093,-0.439,15,1911-07-15
1911,8,-0.21,-0.072,-0.486,15,1911-08-15
1911,9,-0.28,-0.074,-0.692,15,1911-09-15
1911,10,-0.301,-0.215,-0.474,15,1911-10-15
1911,11,-0.117,-0.103,-0.147,15,1911-11-15
1911,12,-0.122,-0.066,-0.236,15,1911-12-15
1912,1,-0.42,-0.594,-0.072,15,1912-01-15
1912,2,-0.124,-0.183,-0.006,15,1912-02-15
1912,3,-0.72,-0.998,-0.162,15,1912-03-15
1912,4,-0.439,-0.495,-0.325,15,1912-04-15
1912,5,-0.266,-0.218,-0.362,15,1912-05-15
1912,6,-0.079,-0.023,-0.19,15,1912-06-15
1912,7,-0.628,-0.656,-0.573,15,1912-07-15
1912,8,-0.709,-0.855,-0.418,15,1912-08-15
1912,9,-0.643,-0.888,-0.155,15,1912-09-15
1912,10,-0.871,-1.233,-0.147,15,1912-10-15
1912,11,-0.607,-0.699,-0.422,15,1912-11-15
1912,12,-0.421,-0.531,-0.2,15,1912-12-15
1913,1,-0.363,-0.392,-0.305,15,1913-01-15
1913,2,-0.715,-0.926,-0.293,15,1913-02-15
1913,3,-0.651,-0.595,-0.763,15,1913-03-15
1913,4,-0.292,-0.341,-0.195,15,1913-04-15
1913,5,-0.812,-0.733,-0.969,15,1913-05-15
1913,6,-0.629,-0.574,-0.739,15,1913-06-15
1913,7,-0.337,-0.556,0.101,15,1913-07-15
1913,8,-0.163,-0.157,-0.176,15,1913-08-15
1913,9,-0.277,-0.274,-0.284,15,1913-09-15
1913,10,-0.326,-0.43,-0.118,15,1913-10-15
1913,11,0.081,0.205,-0.167,15,1913-11-15
1913,12,0.292,0.473,-0.071,15,1913-12-15
1914,1,0.423,0.621,0.027,15,1914-01-15
1914,2,0.15,0.165,0.12,15,1914-02-15
1914,3,-0.262,-0.438,0.088,15,1914-03-15
1914,4,-0.374,-0.584,0.046,15,1914-04-15
1914,5,-0.135,-0.157,-0.09,15,1914-05-15
1914,6,-0.089,-0.198,0.128,15,1914-06-15
1914,7,-0.166,-0.175,-0.146,15,1914-07-15
1914,8,-0.071,-0.093,-0.026,15,1914-08-15
1914,9,-0.161,-0.211,-0.061,15,1914-09-15
1914,10,0.029,0.019,0.049,15,1914-10-15
1914,11,-0.381,-0.48,-0.182,15,1914-11-15
1914,12,-0.24,-0.289,-0.14,15,1914-12-15
1915,1,-0.209,-0.19,-0.247,15,1915-01-15
1915,2,0.202,0.132,0.342,15,1915-02-15
1915,3,-0.584,-0.876,0.001,15,1915-03-15
1915,4,0.124,0.128,0.117,15,1915-04-15
1915,5,-0.204,-0.141,-0.331,15,1915-05-15
1915,6,-0.142,-0.102,-0.222,15,1915-06-15
1915,7,0.069,-0.088,0.381,15,1915-07-15
1915,8,-0.113,-0.138,-0.064,15,1915-08-15
1915,9,0.005,-0.169,0.354,15,1915-09-15
1915,10,-0.243,-0.35,-0.028,15,1915-10-15
1915,11,-0.052,-0.065,-0.026,15,1915-11-15
1915,12,-0.24,-0.24,-0.242,15,1915-12-15
1916,1,-0.02,0.101,-0.261,15,1916-01-15
1916,2,-0.081,-0.095,-0.054,15,1916-02-15
1916,3,-0.763,-1.022,-0.244,15,1916-03-15
1916,4,-0.374,-0.404,-0.314,15,1916-04-15
1916,5,-0.4,-0.511,-0.178,15,1916-05-15
1916,6,-0.512,-0.521,-0.494,15,1916-06-15
1916,7,-0.227,-0.03,-0.62,15,1916-07-15
1916,8,-0.181,-0.173,-0.198,15,1916-08-15
1916,9,-0.255,-0.411,0.056,15,1916-09-15
1916,10,-0.255,-0.242,-0.281,15,1916-10-15
1916,11,-0.45,-0.251,-0.848,15,1916-11-15
1916,12,-1.148,-1.375,-0.693,15,1916-12-15
1917,1,-0.681,-0.762,-0.521,15,1917-01-15
1917,2,-1.242,-1.329,-1.068,15,1917-02-15
1917,3,-1.197,-1.439,-0.714,15,1917-03-15
1917,4,-0.697,-0.717,-0.657,15,1917-04-15
1917,5,-1.086,-1.06,-1.137,15,1917-05-15
1917,6,-0.434,-0.383,-0.536,15,1917-06-15
1917,7,-0.08,-0.108,-0.023,15,1917-07-15
1917,8,-0.311,-0.12,-0.692,15,1917-08-15
1917,9,-0.119,-0.033,-0.291,15,1917-09-15
1917,10,-0.574,-0.665,-0.391,15,1917-10-15
1917,11,-0.352,-0.193,-0.669,15,1917-11-15
1917,12,-1.324,-1.72,-0.534,15,1917-12-15
1918,1,-0.807,-0.848,-0.723,15,1918-01-15
1918,2,-0.61,-0.532,-0.765,15,1918-02-15
1918,3,-0.609,-0.462,-0.903,15,1918-03-15
1918,4,-0.643,-0.739,-0.449,15,1918-04-15
1918,5,-0.825,-0.852,-0.77,15,1918-05-15
1918,6,-0.445,-0.544,-0.248,15,1918-06-15
1918,7,-0.425,-0.269,-0.738,15,1918-07-15
1918,8,-0.354,-0.279,-0.504,15,1918-08-15
1918,9,-0.219,-0.12,-0.416,15,1918-09-15
1918,10,0.138,0.278,-0.142,15,1918-10-15
1918,11,-0.308,-0.349,-0.225,15,1918-11-15
1918,12,-0.467,-0.676,-0.05,15,1918-12-15
1919,1,-0.236,-0.318,-0.073,15,1919-01-15
1919,2,-0.409,-0.545,-0.138,15,1919-02-15
1919,3,-0.639,-0.904,-0.11,15,1919-03-15
1919,4,-0.136,-0.318,0.228,15,1919-04-15
1919,5,-0.408,-0.622,0.021,15,1919-05-15
1919,6,-0.177,-0.307,0.084,15,1919-06-15
1919,7,-0.17,-0.179,-0.153,15,1919-07-15
1919,8,-0.115,0.023,-0.392,15,1919-08-15
1919,9,-0.053,0.186,-0.531,15,1919-09-15
1919,10,-0.185,-0.113,-0.327,15,1919-10-15
1919,11,-0.844,-1.079,-0.374,15,1919-11-15
1919,12,-0.551,-0.841,0.028,15,1919-12-15
1920,1,-0.093,0.01,-0.3,15,1920-01-15
1920,2,-0.421,-0.432,-0.399,15,1920-02-15
1920,3,-0.035,0.184,-0.475,15,1920-03-15
1920,4,-0.276,-0.303,-0.222,15,1920-04-15
1920,5,-0.189,-0.041,-0.485,15,1920-05-15
1920,6,-0.198,-0.179,-0.235,15,1920-06-15
1920,7,-0.069,0.029,-0.264,15,1920-07-15
1920,8,-0.136,-0.011,-0.385,15,1920-08-15
1920,9,-0.092,-0.056,-0.164,15,1920-09-15
1920,10,-0.42,-0.404,-0.452,15,1920-10-15
1920,11,-0.536,-0.68,-0.25,15,1920-11-15
1920,12,-0.652,-0.759,-0.437,15,1920-12-15
1921,1,0.243,0.627,-0.524,15,1921-01-15
1921,2,-0.122,-0.007,-0.352,15,1921-02-15
1921,3,-0.096,0.119,-0.526,15,1921-03-15
1921,4,-0.058,0.137,-0.448,15,1921-04-15
1921,5,0.012,-0.041,0.118,15,1921-05-15
1921,6,0.099,0.205,-0.114,15,1921-06-15
1921,7,0.004,0.168,-0.324,15,1921-07-15
1921,8,-0.346,-0.155,-0.726,15,1921-08-15
1921,9,-0.19,-0.16,-0.252,15,1921-09-15
1921,10,-0.177,-0.021,-0.488,15,1921-10-15
1921,11,-0.463,-0.536,-0.315,15,1921-11-15
1921,12,-0.192,-0.099,-0.379,15,1921-12-15
1922,1,-0.554,-0.63,-0.401,15,1922-01-15
1922,2,-0.635,-0.795,-0.313,15,1922-02-15
1922,3,-0.36,-0.34,-0.4,15,1922-03-15
1922,4,-0.111,-0.208,0.084,15,1922-04-15
1922,5,-0.185,0.001,-0.556,15,1922-05-15
1922,6,-0.139,0.038,-0.491,15,1922-06-15
1922,7,-0.188,-0.139,-0.286,15,1922-07-15
1922,8,-0.23,-0.116,-0.458,15,1922-08-15
1922,9,-0.188,-0.207,-0.151,15,1922-09-15
1922,10,-0.274,-0.214,-0.394,15,1922-10-15
1922,11,-0.127,-0.167,-0.046,15,1922-11-15
1922,12,-0.153,-0.061,-0.338,15,1922-12-15
1923,1,-0.11,0.056,-0.442,15,1923-01-15
1923,2,-0.539,-0.806,-0.006,15,1923-02-15
1923,3,-0.398,-0.567,-0.059,15,1923-03-15
1923,4,-0.722,-0.998,-0.171,15,1923-04-15
1923,5,-0.411,-0.465,-0.303,15,1923-05-15
1923,6,-0.253,-0.262,-0.234,15,1923-06-15
1923,7,-0.435,-0.194,-0.917,15,1923-07-15
1923,8,-0.38,-0.179,-0.783,15,1923-08-15
1923,9,-0.158,0.047,-0.568,15,1923-09-15
1923,10,0.051,0.404,-0.655,15,1923-10-15
1923,11,0.201,0.454,-0.304,15,1923-11-15
1923,12,0.155,0.361,-0.256,15,1923-12-15
1924,1,-0.502,-0.555,-0.395,15,1924-01-15
1924,2,-0.51,-0.459,-0.61,15,1924-02-15
1924,3,-0.377,-0.398,-0.337,15,1924-03-15
1924,4,-0.67,-0.598,-0.813,15,1924-04-15
1924,5,-0.308,-0.222,-0.481,15,1924-05-15
1924,6,-0.2,-0.18,-0.24,15,1924-06-15
1924,7,-0.167,-0.142,-0.216,15,1924-07-15
1924,8,-0.204,-0.049,-0.514,15,1924-08-15
1924,9,-0.042,0.016,-0.159,15,1924-09-15
1924,10,-0.136,0.002,-0.413,15,1924-10-15
1924,11,0.022,0.349,-0.632,15,1924-11-15
1924,12,-0.467,-0.427,-0.545,15,1924-12-15
1925,1,-0.343,-0.106,-0.819,15,1925-01-15
1925,2,-0.189,-0.066,-0.433,15,1925-02-15
1925,3,-0.342,-0.304,-0.417,15,1925-03-15
1925,4,-0.148,-0.091,-0.263,15,1925-04-15
1925,5,-0.376,-0.289,-0.551,15,1925-05-15
1925,6,-0.364,-0.251,-0.591,15,1925-06-15
1925,7,-0.406,-0.213,-0.792,15,1925-07-15
1925,8,-0.081,0.059,-0.362,15,1925-08-15
1925,9,-0.201,0.178,-0.959,15,1925-09-15
1925,10,-0.44,-0.307,-0.708,15,1925-10-15
1925,11,0.01,0.107,-0.184,15,1925-11-15
1925,12,0.211,0.272,0.089,15,1925-12-15
1926,1,0.533,0.839,-0.081,15,1926-01-15
1926,2,0.443,0.474,0.382,15,1926-02-15
1926,3,0.127,0.187,0.008,15,1926-03-15
1926,4,-0.291,-0.381,-0.111,15,1926-04-15
1926,5,-0.498,-0.369,-0.758,15,1926-05-15
1926,6,-0.185,-0.176,-0.203,15,1926-06-15
1926,7,-0.25,-0.24,-0.269,15,1926-07-15
1926,8,-0.022,-0.006,-0.054,15,1926-08-15
1926,9,-0.004,0.032,-0.077,15,1926-09-15
1926,10,-0.046,0.013,-0.164,15,1926-10-15
1926,11,0.156,0.272,-0.075,15,1926-11-15
1926,12,-0.461,-0.484,-0.416,15,1926-12-15
1927,1,-0.33,-0.399,-0.192,15,1927-01-15
1927,2,-0.116,-0.032,-0.285,15,1927-02-15
1927,3,-0.513,-0.675,-0.187,15,1927-03-15
1927,4,-0.423,-0.446,-0.378,15,1927-04-15
1927,5,-0.407,-0.276,-0.669,15,1927-05-15
1927,6,-0.2,-0.09,-0.419,15,1927-06-15
1927,7,-0.038,0.145,-0.403,15,1927-07-15
1927,8,-0.158,0.009,-0.49,15,1927-08-15
1927,9,0.042,0.223,-0.322,15,1927-09-15
1927,10,0.252,0.435,-0.113,15,1927-10-15
1927,11,-0.023,-0.022,-0.025,15,1927-11-15
1927,12,-0.761,-0.968,-0.349,15,1927-12-15
1928,1,0.087,0.378,-0.494,15,1928-01-15
1928,2,0.007,0.18,-0.338,15,1928-02-15
1928,3,-0.492,-0.7,-0.078,15,1928-03-15
1928,4,-0.267,-0.53,0.258,15,1928-04-15
1928,5,-0.329,-0.17,-0.648,15,1928-05-15
1928,6,-0.487,-0.446,-0.569,15,1928-06-15
1928,7,-0.107,-0.02,-0.282,15,1928-07-15
1928,8,-0.099,-0.11,-0.076,15,1928-08-15
1928,9,0.014,-0.052,0.146,15,1928-09-15
1928,10,-0.001,0.025,-0.054,15,1928-10-15
1928,11,0.087,0.12,0.02,15,1928-11-15
1928,12,0.036,0.163,-0.22,15,1928-12-15
1929,1,-0.674,-0.904,-0.215,15,1929-01-15
1929,2,-1.168,-1.702,-0.1,15,1929-02-15
1929,3,-0.524,-0.453,-0.667,15,1929-03-15
1929,4,-0.659,-0.669,-0.641,15,1929-04-15
1929,5,-0.48,-0.323,-0.794,15,1929-05-15
1929,6,-0.438,-0.402,-0.509,15,1929-06-15
1929,7,-0.433,-0.304,-0.691,15,1929-07-15
1929,8,-0.181,-0.031,-0.481,15,1929-08-15
1929,9,-0.248,-0.166,-0.411,15,1929-09-15
1929,10,0.045,0.16,-0.183,15,1929-10-15
1929,11,0.013,0.082,-0.125,15,1929-11-15
1929,12,-0.858,-0.965,-0.645,15,1929-12-15
1930,1,-0.246,-0.152,-0.433,15,1930-01-15
1930,2,-0.266,-0.302,-0.193,15,1930-02-15
1930,3,-0.072,0.064,-0.344,15,1930-03-15
1930,4,-0.193,-0.132,-0.314,15,1930-04-15
1930,5,-0.324,-0.304,-0.365,15,1930-05-15
1930,6,-0.069,-0.104,-0.001,15,1930-06-15
1930,7,-0.024,0.122,-0.315,15,1930-07-15
1930,8,0.05,0.369,-0.587,15,1930-08-15
1930,9,-0.121,-0.017,-0.328,15,1930-09-15
1930,10,-0.192,-0.019,-0.537,15,1930-10-15
1930,11,0.197,0.377,-0.164,15,1930-11-15
1930,12,-0.104,-0.016,-0.279,15,1930-12-15
1931,1,-0.121,-0.067,-0.228,15,1931-01-15
1931,2,-0.496,-0.721,-0.046,15,1931-02-15
1931,3,-0.27,-0.356,-0.099,15,1931-03-15
1931,4,-0.406,-0.394,-0.429,15,1931-04-15
1931,5,-0.327,-0.282,-0.417,15,1931-05-15
1931,6,0.024,0.188,-0.304,15,1931-06-15
1931,7,0.126,0.298,-0.218,15,1931-07-15
1931,8,0.14,0.326,-0.233,15,1931-08-15
1931,9,0.015,0.282,-0.52,15,1931-09-15
1931,10,0.239,0.531,-0.345,15,1931-10-15
1931,11,-0.028,0.367,-0.818,15,1931-11-15
1931,12,0.151,0.281,-0.107,15,1931-12-15
1932,1,0.762,1.028,0.23,15,1932-01-15
1932,2,-0.401,-0.501,-0.202,15,1932-02-15
1932,3,-0.566,-0.78,-0.138,15,1932-03-15
1932,4,0.058,0.127,-0.081,15,1932-04-15
1932,5,-0.214,-0.182,-0.278,15,1932-05-15
1932,6,-0.196,-0.095,-0.4,15,1932-06-15
1932,7,-0.084,-0.047,-0.159,15,1932-07-15
1932,8,-0.037,0.2,-0.511,15,1932-08-15
1932,9,0.146,0.313,-0.189,15,1932-09-15
1932,10,0.14,0.277,-0.134,15,1932-10-15
1932,11,-0.345,-0.529,0.025,15,1932-11-15
1932,12,-0.188,-0.161,-0.243,15,1932-12-15
1933,1,-0.532,-0.665,-0.267,15,1933-01-15
1933,2,-0.617,-0.854,-0.142,15,1933-02-15
1933,3,-0.538,-0.82,0.027,15,1933-03-15
1933,4,-0.268,-0.359,-0.087,15,1933-04-15
1933,5,-0.218,-0.313,-0.028,15,1933-05-15
1933,6,-0.28,-0.314,-0.213,15,1933-06-15
1933,7,-0.029,0.195,-0.476,15,1933-07-15
1933,8,-0.016,0.148,-0.343,15,1933-08-15
1933,9,-0.103,-0.029,-0.251,15,1933-09-15
1933,10,-0.057,-0.027,-0.119,15,1933-10-15
1933,11,-0.413,-0.325,-0.59,15,1933-11-15
1933,12,-0.864,-0.917,-0.757,15,1933-12-15
1934,1,-0.08,-0.003,-0.235,15,1934-01-15
1934,2,0.298,0.796,-0.697,15,1934-02-15
1934,3,-0.434,-0.554,-0.195,15,1934-03-15
1934,4,-0.403,-0.381,-0.446,15,1934-04-15
1934,5,0.182,0.288,-0.031,15,1934-05-15
1934,6,-0.026,-0.006,-0.066,15,1934-06-15
1934,7,-0.004,0.023,-0.059,15,1934-07-15
1934,8,-0.025,-0.024,-0.025,15,1934-08-15
1934,9,-0.154,-0.135,-0.192,15,1934-09-15
1934,10,0.075,0.351,-0.477,15,1934-10-15
1934,11,0.279,0.64,-0.443,15,1934-11-15
1934,12,0.162,0.435,-0.384,15,1934-12-15
1935,1,-0.512,-0.608,-0.32,15,1935-01-15
1935,2,0.737,1.23,-0.249,15,1935-02-15
1935,3,-0.025,-0.018,-0.039,15,1935-03-15
1935,4,-0.596,-0.562,-0.663,15,1935-04-15
1935,5,-0.438,-0.465,-0.384,15,1935-05-15
1935,6,-0.177,-0.081,-0.369,15,1935-06-15
1935,7,-0.055,0.091,-0.347,15,1935-07-15
1935,8,-0.056,0.138,-0.445,15,1935-08-15
1935,9,-0.154,0.089,-0.638,15,1935-09-15
1935,10,0.148,0.366,-0.288,15,1935-10-15
1935,11,-0.534,-0.668,-0.268,15,1935-11-15
1935,12,-0.308,-0.341,-0.242,15,1935-12-15
1936,1,-0.494,-0.592,-0.296,15,1936-01-15
1936,2,-0.875,-1.18,-0.264,15,1936-02-15
1936,3,-0.473,-0.562,-0.296,15,1936-03-15
1936,4,-0.215,-0.199,-0.246,15,1936-04-15
1936,5,-0.16,-0.05,-0.38,15,1936-05-15
1936,6,-0.02,0.158,-0.377,15,1936-06-15
1936,7,0.298,0.361,0.171,15,1936-07-15
1936,8,0.122,0.192,-0.019,15,1936-08-15
1936,9,0.009,0.181,-0.336,15,1936-09-15
1936,10,0.085,0.163,-0.071,15,1936-10-15
1936,11,0.142,0.279,-0.131,15,1936-11-15
1936,12,0.198,0.428,-0.263,15,1936-12-15
1937,1,-0.013,0.218,-0.476,15,1937-01-15
1937,2,0.177,0.426,-0.319,15,1937-02-15
1937,3,-0.677,-0.861,-0.309,15,1937-03-15
1937,4,-0.292,-0.194,-0.488,15,1937-04-15
1937,5,-0.009,0.152,-0.332,15,1937-05-15
1937,6,0.096,0.229,-0.169,15,1937-06-15
1937,7,-0.02,0.224,-0.51,15,1937-07-15
1937,8,0.181,0.34,-0.136,15,1937-08-15
1937,9,0.258,0.494,-0.215,15,1937-09-15
1937,10,0.368,0.627,-0.151,15,1937-10-15
1937,11,0.266,0.329,0.14,15,1937-11-15
1937,12,-0.159,-0.164,-0.149,15,1937-12-15
1938,1,0.223,0.507,-0.344,15,1938-01-15
1938,2,0.168,0.422,-0.34,15,1938-02-15
1938,3,0.32,0.487,-0.014,15,1938-03-15
1938,4,0.406,0.607,0.004,15,1938-04-15
1938,5,0.054,-0.037,0.236,15,1938-05-15
1938,6,-0.049,-0.048,-0.051,15,1938-06-15
1938,7,0.087,0.186,-0.109,15,1938-07-15
1938,8,0.11,0.418,-0.505,15,1938-08-15
1938,9,0.287,0.49,-0.12,15,1938-09-15
1938,10,0.49,0.663,0.144,15,1938-10-15
1938,11,0.424,0.703,-0.136,15,1938-11-15
1938,12,-0.261,-0.38,-0.024,15,1938-12-15
1939,1,-0.04,-0.01,-0.102,15,1939-01-15
1939,2,0.023,0.205,-0.342,15,1939-02-15
1939,3,-0.504,-0.509,-0.495,15,1939-03-15
1939,4,-0.198,-0.067,-0.461,15,1939-04-15
1939,5,0.048,0.013,0.119,15,1939-05-15
1939,6,0.088,0.107,0.048,15,1939-06-15
1939,7,-0.022,0.155,-0.375,15,1939-07-15
1939,8,0.069,0.311,-0.415,15,1939-08-15
1939,9,-0.13,0.109,-0.608,15,1939-09-15
1939,10,-0.205,-0.12,-0.377,15,1939-10-15
1939,11,0.014,0.331,-0.621,15,1939-11-15
1939,12,0.749,1.33,-0.414,15,1939-12-15
1940,1,-0.556,-0.73,-0.206,15,1940-01-15
1940,2,-0.07,0.021,-0.252,15,1940-02-15
1940,3,-0.147,-0.191,-0.058,15,1940-03-15
1940,4,0.075,0.32,-0.416,15,1940-04-15
1940,5,-0.095,-0.017,-0.252,15,1940-05-15
1940,6,0.158,0.083,0.307,15,1940-06-15
1940,7,0.138,0.134,0.147,15,1940-07-15
1940,8,0.022,0.035,-0.005,15,1940-08-15
1940,9,0.173,0.246,0.027,15,1940-09-15
1940,10,0.025,0.098,-0.122,15,1940-10-15
1940,11,-0.0,0.171,-0.344,15,1940-11-15
1940,12,0.294,0.329,0.223,15,1940-12-15
1941,1,-0.211,-0.157,-0.317,15,1941-01-15
1941,2,0.151,0.302,-0.151,15,1941-02-15
1941,3,-0.347,-0.398,-0.243,15,1941-03-15
1941,4,-0.053,-0.096,0.035,15,1941-04-15
1941,5,0.009,0.014,-0.003,15,1941-05-15
1941,6,0.135,0.177,0.049,15,1941-06-15
1941,7,0.195,0.216,0.153,15,1941-07-15
1941,8,0.059,0.11,-0.043,15,1941-08-15
1941,9,-0.181,-0.066,-0.411,15,1941-09-15
1941,10,0.238,0.364,-0.015,15,1941-10-15
1941,11,-0.19,-0.264,-0.042,15,1941-11-15
1941,12,-0.164,-0.269,0.045,15,1941-12-15
1942,1,0.229,0.229,0.23,15,1942-01-15
1942,2,-0.352,-0.554,0.053,15,1942-02-15
1942,3,-0.329,-0.474,-0.038,15,1942-03-15
1942,4,-0.144,-0.194,-0.043,15,1942-04-15
1942,5,-0.078,-0.087,-0.061,15,1942-05-15
1942,6,0.086,0.14,-0.021,15,1942-06-15
1942,7,-0.111,-0.022,-0.289,15,1942-07-15
1942,8,-0.028,-0.136,0.188,15,1942-08-15
1942,9,0.101,0.127,0.05,15,1942-09-15
1942,10,0.091,0.325,-0.377,15,1942-10-15
1942,11,0.098,0.163,-0.032,15,1942-11-15
1942,12,0.038,0.165,-0.218,15,1942-12-15
1943,1,-0.377,-0.477,-0.177,15,1943-01-15
1943,2,0.291,0.531,-0.189,15,1943-02-15
1943,3,-0.201,-0.23,-0.144,15,1943-03-15
1943,4,0.211,0.429,-0.225,15,1943-04-15
1943,5,0.078,0.319,-0.404,15,1943-05-15
1943,6,-0.212,-0.136,-0.363,15,1943-06-15
1943,7,0.011,0.043,-0.052,15,1943-07-15
1943,8,-0.153,0.136,-0.733,15,1943-08-15
1943,9,0.055,0.192,-0.219,15,1943-09-15
1943,10,0.485,0.643,0.169,15,1943-10-15
1943,11,0.085,0.317,-0.38,15,1943-11-15
1943,12,0.271,0.462,-0.113,15,1943-12-15
1944,1,0.703,1.083,-0.057,15,1944-01-15
1944,2,0.258,0.514,-0.254,15,1944-02-15
1944,3,0.079,0.185,-0.133,15,1944-03-15
1944,4,-0.144,-0.094,-0.243,15,1944-04-15
1944,5,-0.04,0.185,-0.491,15,1944-05-15
1944,6,-0.049,-0.0,-0.147,15,1944-06-15
1944,7,0.053,0.035,0.088,15,1944-07-15
1944,8,0.141,0.133,0.156,15,1944-08-15
1944,9,0.388,0.437,0.289,15,1944-09-15
1944,10,0.343,0.46,0.108,15,1944-10-15
1944,11,0.023,0.004,0.06,15,1944-11-15
1944,12,-0.253,-0.394,0.027,15,1944-12-15
1945,1,-0.229,-0.334,-0.019,15,1945-01-15
1945,2,-0.36,-0.493,-0.095,15,1945-02-15
1945,3,-0.231,-0.261,-0.169,15,1945-03-15
1945,4,0.209,0.297,0.034,15,1945-04-15
1945,5,-0.254,-0.149,-0.465,15,1945-05-15
1945,6,-0.135,-0.062,-0.281,15,1945-06-15
1945,7,-0.225,-0.133,-0.409,15,1945-07-15
1945,8,0.386,0.349,0.461,15,1945-08-15
1945,9,0.132,0.195,0.004,15,1945-09-15
1945,10,0.137,0.3,-0.187,15,1945-10-15
1945,11,-0.17,-0.111,-0.287,15,1945-11-15
1945,12,-0.654,-0.828,-0.305,15,1945-12-15
1946,1,0.051,0.28,-0.407,15,1946-01-15
1946,2,-0.029,0.052,-0.191,15,1946-02-15
1946,3,-0.313,-0.23,-0.477,15,1946-03-15
1946,4,0.165,0.426,-0.357,15,1946-04-15
1946,5,-0.09,-0.152,0.034,15,1946-05-15
1946,6,-0.248,-0.163,-0.419,15,1946-06-15
1946,7,-0.018,-0.007,-0.039,15,1946-07-15
1946,8,-0.076,0.016,-0.261,15,1946-08-15
1946,9,0.025,0.078,-0.081,15,1946-09-15
1946,10,-0.175,-0.028,-0.471,15,1946-10-15
1946,11,-0.03,0.081,-0.252,15,1946-11-15
1946,12,-0.6,-0.746,-0.306,15,1946-12-15
1947,1,-0.222,-0.338,0.012,15,1947-01-15
1947,2,-0.226,-0.381,0.084,15,1947-02-15
1947,3,0.063,0.166,-0.144,15,1947-03-15
1947,4,0.123,0.293,-0.218,15,1947-04-15
1947,5,-0.039,-0.049,-0.02,15,1947-05-15
1947,6,0.004,-0.104,0.218,15,1947-06-15
1947,7,-0.069,-0.031,-0.145,15,1947-07-15
1947,8,0.04,0.116,-0.11,15,1947-08-15
1947,9,0.047,0.226,-0.312,15,1947-09-15
1947,10,0.478,0.872,-0.31,15,1947-10-15
1947,11,0.199,0.343,-0.091,15,1947-11-15
1947,12,-0.23,-0.102,-0.487,15,1947-12-15
1948,1,0.348,0.68,-0.317,15,1948-01-15
1948,2,-0.118,-0.048,-0.257,15,1948-02-15
1948,3,-0.417,-0.349,-0.553,15,1948-03-15
1948,4,-0.053,0.117,-0.394,15,1948-04-15
1948,5,0.141,0.321,-0.221,15,1948-05-15
1948,6,0.107,0.157,0.008,15,1948-06-15
1948,7,-0.094,-0.009,-0.264,15,1948-07-15
1948,8,-0.058,0.122,-0.42,15,1948-08-15
1948,9,0.005,0.109,-0.204,15,1948-09-15
1948,10,0.158,0.318,-0.161,15,1948-10-15
1948,11,0.033,0.287,-0.474,15,1948-11-15
1948,12,-0.315,-0.419,-0.106,15,1948-12-15
1949,1,0.26,0.486,-0.193,15,1949-01-15
1949,2,-0.403,-0.3,-0.61,15,1949-02-15
1949,3,-0.265,-0.196,-0.404,15,1949-03-15
1949,4,-0.184,0.016,-0.583,15,1949-04-15
1949,5,-0.169,-0.008,-0.493,15,1949-05-15
1949,6,-0.251,-0.207,-0.338,15,1949-06-15
1949,7,-0.21,-0.249,-0.133,15,1949-07-15
1949,8,-0.087,0.034,-0.33,15,1949-08-15
1949,9,-0.077,0.016,-0.264,15,1949-09-15
1949,10,0.128,0.309,-0.233,15,1949-10-15
1949,11,-0.011,0.122,-0.277,15,1949-11-15
1949,12,-0.265,-0.292,-0.212,15,1949-12-15
1950,1,-0.536,-0.599,-0.41,15,1950-01-15
1950,2,-0.448,-0.498,-0.347,15,1950-02-15
1950,3,-0.192,-0.111,-0.355,15,1950-03-15
1950,4,-0.325,-0.319,-0.336,15,1950-04-15
1950,5,-0.182,-0.1,-0.347,15,1950-05-15
1950,6,-0.095,-0.088,-0.108,15,1950-06-15
1950,7,-0.231,-0.294,-0.106,15,1950-07-15
1950,8,-0.312,-0.226,-0.484,15,1950-08-15
1950,9,-0.146,-0.077,-0.285,15,1950-09-15
1950,10,-0.204,-0.013,-0.585,15,1950-10-15
1950,11,-0.595,-0.615,-0.556,15,1950-11-15
1950,12,-0.313,-0.263,-0.411,15,1950-12-15
1951,1,-0.636,-0.652,-0.606,15,1951-01-15
1951,2,-0.813,-0.921,-0.597,15,1951-02-15
1951,3,-0.436,-0.607,-0.095,15,1951-03-15
1951,4,-0.074,0.091,-0.403,15,1951-04-15
1951,5,0.007,0.093,-0.166,15,1951-05-15
1951,6,-0.107,-0.101,-0.119,15,1951-06-15
1951,7,-0.086,-0.019,-0.22,15,1951-07-15
1951,8,0.115,0.29,-0.234,15,1951-08-15
1951,9,0.212,0.381,-0.127,15,1951-09-15
1951,10,0.178,0.321,-0.106,15,1951-10-15
1951,11,-0.052,-0.028,-0.099,15,1951-11-15
1951,12,0.349,0.608,-0.169,15,1951-12-15
1952,1,0.186,0.19,0.178,15,1952-01-15
1952,2,0.038,0.048,0.018,15,1952-02-15
1952,3,-0.402,-0.633,0.06,15,1952-03-15
1952,4,-0.017,0.088,-0.226,15,1952-04-15
1952,5,-0.023,0.062,-0.193,15,1952-05-15
1952,6,-0.008,0.149,-0.322,15,1952-06-15
1952,7,0.131,0.207,-0.02,15,1952-07-15
1952,8,0.085,0.087,0.08,15,1952-08-15
1952,9,0.146,0.205,0.026,15,1952-09-15
1952,10,-0.11,-0.114,-0.102,15,1952-10-15
1952,11,-0.425,-0.465,-0.346,15,1952-11-15
1952,12,-0.133,-0.135,-0.129,15,1952-12-15
1953,1,0.102,0.27,-0.236,15,1953-01-15
1953,2,0.183,0.404,-0.261,15,1953-02-15
1953,3,0.156,0.234,-0.002,15,1953-03-15
1953,4,0.293,0.497,-0.117,15,1953-04-15
1953,5,0.084,0.231,-0.212,15,1953-05-15
1953,6,0.192,0.342,-0.107,15,1953-06-15
1953,7,0.005,0.27,-0.525,15,1953-07-15
1953,8,0.17,0.261,-0.011,15,1953-08-15
1953,9,0.113,0.191,-0.044,15,1953-09-15
1953,10,0.2,0.394,-0.187,15,1953-10-15
1953,11,-0.025,-0.031,-0.012,15,1953-11-15
1953,12,0.234,0.356,-0.01,15,1953-12-15
1954,1,-0.491,-0.616,-0.242,15,1954-01-15
1954,2,-0.165,-0.155,-0.185,15,1954-02-15
1954,3,-0.322,-0.456,-0.055,15,1954-03-15
1954,4,-0.133,-0.097,-0.204,15,1954-04-15
1954,5,-0.232,-0.193,-0.309,15,1954-05-15
1954,6,-0.079,0.053,-0.341,15,1954-06-15
1954,7,-0.186,-0.093,-0.37,15,1954-07-15
1954,8,-0.052,0.049,-0.252,15,1954-08-15
1954,9,-0.01,0.142,-0.316,15,1954-09-15
1954,10,0.142,0.289,-0.152,15,1954-10-15
1954,11,0.317,0.559,-0.166,15,1954-11-15
1954,12,-0.151,-0.095,-0.261,15,1954-12-15
1955,1,0.408,0.68,-0.136,15,1955-01-15
1955,2,-0.202,-0.211,-0.184,15,1955-02-15
1955,3,-0.766,-0.925,-0.449,15,1955-03-15
1955,4,-0.302,-0.293,-0.319,15,1955-04-15
1955,5,-0.217,-0.14,-0.371,15,1955-05-15
1955,6,-0.082,-0.016,-0.213,15,1955-06-15
1955,7,-0.19,-0.055,-0.461,15,1955-07-15
1955,8,0.061,0.133,-0.082,15,1955-08-15
1955,9,-0.018,0.032,-0.117,15,1955-09-15
1955,10,0.041,0.204,-0.286,15,1955-10-15
1955,11,-0.422,-0.482,-0.303,15,1955-11-15
1955,12,-0.493,-0.502,-0.477,15,1955-12-15
1956,1,-0.309,-0.162,-0.605,15,1956-01-15
1956,2,-0.552,-0.628,-0.398,15,1956-02-15
1956,3,-0.527,-0.603,-0.374,15,1956-03-15
1956,4,-0.475,-0.512,-0.401,15,1956-04-15
1956,5,-0.455,-0.446,-0.473,15,1956-05-15
1956,6,-0.268,-0.25,-0.305,15,1956-06-15
1956,7,-0.245,-0.316,-0.105,15,1956-07-15
1956,8,-0.412,-0.409,-0.418,15,1956-08-15
1956,9,-0.4,-0.411,-0.378,15,1956-09-15
1956,10,-0.353,-0.385,-0.29,15,1956-10-15
1956,11,-0.418,-0.437,-0.38,15,1956-11-15
1956,12,-0.291,-0.263,-0.348,15,1956-12-15
1957,1,-0.214,-0.196,-0.251,15,1957-01-15
1957,2,-0.208,-0.193,-0.237,15,1957-02-15
1957,3,-0.362,-0.484,-0.117,15,1957-03-15
1957,4,-0.078,-0.162,0.091,15,1957-04-15
1957,5,-0.106,-0.228,0.138,15,1957-05-15
1957,6,0.078,0.053,0.126,15,1957-06-15
1957,7,-0.172,-0.032,-0.454,15,1957-07-15
1957,8,0.076,0.107,0.014,15,1957-08-15
1957,9,0.064,0.12,-0.048,15,1957-09-15
1957,10,-0.052,-0.064,-0.028,15,1957-10-15
1957,11,0.108,0.056,0.212,15,1957-11-15
1957,12,0.189,0.224,0.119,15,1957-12-15
1958,1,0.527,0.746,0.088,15,1958-01-15
1958,2,0.215,0.231,0.183,15,1958-02-15
1958,3,-0.009,-0.099,0.171,15,1958-03-15
1958,4,-0.049,-0.158,0.169,15,1958-04-15
1958,5,0.03,-0.026,0.14,15,1958-05-15
1958,6,-0.146,-0.111,-0.214,15,1958-06-15
1958,7,0.026,-0.085,0.249,15,1958-07-15
1958,8,-0.073,0.089,-0.397,15,1958-08-15
1958,9,-0.106,-0.002,-0.315,15,1958-09-15
1958,10,0.012,0.005,0.027,15,1958-10-15
1958,11,0.011,-0.032,0.096,15,1958-11-15
1958,12,-0.045,0.114,-0.362,15,1958-12-15
1959,1,0.085,0.232,-0.21,15,1959-01-15
1959,2,0.084,0.167,-0.084,15,1959-02-15
1959,3,0.163,0.223,0.044,15,1959-03-15
1959,4,0.072,0.129,-0.043,15,1959-04-15
1959,5,-0.102,-0.047,-0.211,15,1959-05-15
1959,6,0.093,0.137,0.006,15,1959-06-15
1959,7,0.02,-0.02,0.099,15,1959-07-15
1959,8,0.001,0.091,-0.18,15,1959-08-15
1959,9,0.009,0.149,-0.271,15,1959-09-15
1959,10,-0.115,-0.111,-0.123,15,1959-10-15
1959,11,-0.087,-0.116,-0.028,15,1959-11-15
1959,12,-0.002,0.038,-0.081,15,1959-12-15
1960,1,0.054,0.113,-0.065,15,1960-01-15
1960,2,0.351,0.598,-0.143,15,1960-02-15
1960,3,-0.723,-0.862,-0.443,15,1960-03-15
1960,4,-0.341,-0.343,-0.337,15,1960-04-15
1960,5,-0.243,-0.061,-0.606,15,1960-05-15
1960,6,0.051,0.245,-0.336,15,1960-06-15
1960,7,-0.074,0.042,-0.307,15,1960-07-15
1960,8,0.004,0.088,-0.164,15,1960-08-15
1960,9,0.079,0.128,-0.018,15,1960-09-15
1960,10,0.025,-0.006,0.088,15,1960-10-15
1960,11,-0.226,-0.21,-0.259,15,1960-11-15
1960,12,0.339,0.542,-0.067,15,1960-12-15
1961,1,0.037,0.107,-0.103,15,1961-01-15
1961,2,0.193,0.338,-0.096,15,1961-02-15
1961,3,-0.013,0.071,-0.181,15,1961-03-15
1961,4,0.12,0.134,0.092,15,1961-04-15
1961,5,0.096,0.043,0.201,15,1961-05-15
1961,6,0.11,0.178,-0.026,15,1961-06-15
1961,7,-0.021,0.004,-0.07,15,1961-07-15
1961,8,-0.014,-0.003,-0.035,15,1961-08-15
1961,9,0.068,-0.046,0.298,15,1961-09-15
1961,10,-0.008,-0.162,0.299,15,1961-10-15
1961,11,0.056,0.078,0.012,15,1961-11-15
1961,12,-0.221,-0.266,-0.131,15,1961-12-15
1962,1,0.151,0.33,-0.208,15,1962-01-15
1962,2,0.224,0.41,-0.148,15,1962-02-15
1962,3,0.059,0.128,-0.081,15,1962-03-15
1962,4,0.058,0.202,-0.232,15,1962-04-15
1962,5,-0.143,-0.026,-0.378,15,1962-05-15
1962,6,-0.107,-0.274,0.226,15,1962-06-15
1962,7,-0.044,0.073,-0.278,15,1962-07-15
1962,8,-0.077,-0.029,-0.172,15,1962-08-15
1962,9,-0.03,-0.091,0.092,15,1962-09-15
1962,10,0.117,0.196,-0.04,15,1962-10-15
1962,11,0.129,0.119,0.15,15,1962-11-15
1962,12,0.028,0.098,-0.113,15,1962-12-15
1963,1,-0.043,0.07,-0.267,15,1963-01-15
1963,2,0.359,0.596,-0.115,15,1963-02-15
1963,3,-0.378,-0.447,-0.241,15,1963-03-15
1963,4,-0.209,-0.136,-0.353,15,1963-04-15
1963,5,-0.191,-0.174,-0.223,15,1963-05-15
1963,6,-0.116,-0.162,-0.024,15,1963-06-15
1963,7,0.035,0.036,0.033,15,1963-07-15
1963,8,0.076,0.065,0.097,15,1963-08-15
1963,9,0.148,0.117,0.211,15,1963-09-15
1963,10,0.355,0.553,-0.042,15,1963-10-15
1963,11,0.226,0.471,-0.264,15,1963-11-15
1963,12,-0.087,-0.092,-0.075,15,1963-12-15
1964,1,-0.107,-0.131,-0.06,15,1964-01-15
1964,2,-0.222,-0.308,-0.05,15,1964-02-15
1964,3,-0.544,-0.769,-0.094,15,1964-03-15
1964,4,-0.433,-0.517,-0.264,15,1964-04-15
1964,5,-0.274,-0.191,-0.441,15,1964-05-15
1964,6,-0.216,-0.183,-0.282,15,1964-06-15
1964,7,-0.189,-0.204,-0.16,15,1964-07-15
1964,8,-0.273,-0.282,-0.256,15,1964-08-15
1964,9,-0.33,-0.326,-0.338,15,1964-09-15
1964,10,-0.392,-0.345,-0.485,15,1964-10-15
1964,11,-0.307,-0.273,-0.375,15,1964-11-15
1964,12,-0.397,-0.313,-0.565,15,1964-12-15
1965,1,-0.093,-0.0,-0.278,15,1965-01-15
1965,2,-0.392,-0.628,0.081,15,1965-02-15
1965,3,-0.234,-0.222,-0.258,15,1965-03-15
1965,4,-0.411,-0.436,-0.362,15,1965-04-15
1965,5,-0.228,-0.26,-0.164,15,1965-05-15
1965,6,-0.151,-0.293,0.133,15,1965-06-15
1965,7,-0.332,-0.277,-0.44,15,1965-07-15
1965,8,-0.208,-0.327,0.031,15,1965-08-15
1965,9,-0.248,-0.322,-0.098,15,1965-09-15
1965,10,-0.085,-0.048,-0.16,15,1965-10-15
1965,11,-0.147,-0.145,-0.15,15,1965-11-15
1965,12,-0.204,-0.24,-0.132,15,1965-12-15
1966,1,-0.325,-0.442,-0.089,15,1966-01-15
1966,2,-0.157,-0.112,-0.247,15,1966-02-15
1966,3,-0.173,-0.301,0.082,15,1966-03-15
1966,4,-0.278,-0.436,0.037,15,1966-04-15
1966,5,-0.221,-0.236,-0.189,15,1966-05-15
1966,6,0.036,0.008,0.093,15,1966-06-15
1966,7,-0.001,0.025,-0.052,15,1966-07-15
1966,8,-0.007,0.185,-0.39,15,1966-08-15
1966,9,-0.015,0.087,-0.22,15,1966-09-15
1966,10,-0.249,-0.212,-0.323,15,1966-10-15
1966,11,-0.12,-0.149,-0.061,15,1966-11-15
1966,12,-0.227,-0.231,-0.22,15,1966-12-15
1967,1,-0.307,-0.441,-0.038,15,1967-01-15
1967,2,-0.502,-0.637,-0.232,15,1967-02-15
1967,3,-0.073,0.048,-0.316,15,1967-03-15
1967,4,-0.059,-0.08,-0.018,15,1967-04-15
1967,5,0.172,0.199,0.119,15,1967-05-15
1967,6,-0.214,-0.195,-0.252,15,1967-06-15
1967,7,-0.078,-0.036,-0.163,15,1967-07-15
1967,8,-0.08,-0.045,-0.15,15,1967-08-15
1967,9,-0.098,-0.11,-0.075,15,1967-09-15
1967,10,0.332,0.461,0.075,15,1967-10-15
1967,11,0.05,0.108,-0.066,15,1967-11-15
1967,12,-0.044,0.011,-0.154,15,1967-12-15
1968,1,-0.358,-0.45,-0.174,15,1968-01-15
1968,2,-0.25,-0.267,-0.215,15,1968-02-15
1968,3,0.339,0.596,-0.176,15,1968-03-15
1968,4,-0.15,-0.067,-0.316,15,1968-04-15
1968,5,-0.281,-0.144,-0.555,15,1968-05-15
1968,6,-0.271,-0.263,-0.289,15,1968-06-15
1968,7,-0.234,-0.277,-0.148,15,1968-07-15
1968,8,-0.191,-0.227,-0.121,15,1968-08-15
1968,9,-0.22,-0.111,-0.438,15,1968-09-15
1968,10,-0.073,-0.139,0.057,15,1968-10-15
1968,11,-0.3,-0.452,0.004,15,1968-11-15
1968,12,-0.448,-0.571,-0.203,15,1968-12-15
1969,1,-0.519,-0.865,0.174,15,1969-01-15
1969,2,-0.68,-1.054,0.068,15,1969-02-15
1969,3,-0.363,-0.595,0.101,15,1969-03-15
1969,4,-0.038,-0.184,0.255,15,1969-04-15
1969,5,-0.003,-0.083,0.155,15,1969-05-15
1969,6,-0.076,-0.178,0.13,15,1969-06-15
1969,7,-0.015,-0.029,0.012,15,1969-07-15
1969,8,-0.035,-0.03,-0.044,15,1969-08-15
1969,9,-0.057,-0.069,-0.033,15,1969-09-15
1969,10,0.006,-0.013,0.044,15,1969-10-15
1969,11,0.151,0.175,0.103,15,1969-11-15
1969,12,0.345,0.451,0.133,15,1969-12-15
1970,1,-0.022,-0.108,0.15,15,1970-01-15
1970,2,0.265,0.283,0.227,15,1970-02-15
1970,3,-0.179,-0.338,0.139,15,1970-03-15
1970,4,-0.047,-0.145,0.15,15,1970-04-15
1970,5,-0.137,-0.144,-0.123,15,1970-05-15
1970,6,0.055,-0.016,0.195,15,1970-06-15
1970,7,-0.021,-0.041,0.019,15,1970-07-15
1970,8,-0.1,-0.066,-0.168,15,1970-08-15
1970,9,0.05,-0.039,0.226,15,1970-09-15
1970,10,-0.136,-0.289,0.17,15,1970-10-15
1970,11,-0.055,-0.02,-0.125,15,1970-11-15
1970,12,-0.314,-0.423,-0.095,15,1970-12-15
1971,1,-0.154,-0.148,-0.164,15,1971-01-15
1971,2,-0.371,-0.426,-0.262,15,1971-02-15
1971,3,-0.445,-0.576,-0.183,15,1971-03-15
1971,4,-0.322,-0.369,-0.228,15,1971-04-15
1971,5,-0.256,-0.203,-0.364,15,1971-05-15
1971,6,-0.282,-0.195,-0.454,15,1971-06-15
1971,7,-0.169,-0.201,-0.105,15,1971-07-15
1971,8,-0.093,-0.173,0.066,15,1971-08-15
1971,9,0.006,-0.008,0.035,15,1971-09-15
1971,10,-0.059,-0.047,-0.082,15,1971-10-15
1971,11,-0.068,0.107,-0.419,15,1971-11-15
1971,12,-0.096,-0.043,-0.202,15,1971-12-15
1972,1,-0.711,-0.928,-0.276,15,1972-01-15
1972,2,-0.626,-0.815,-0.248,15,1972-02-15
1972,3,-0.259,-0.209,-0.361,15,1972-03-15
1972,4,-0.193,-0.218,-0.141,15,1972-04-15
1972,5,-0.244,-0.356,-0.02,15,1972-05-15
1972,6,-0.073,-0.177,0.134,15,1972-06-15
1972,7,-0.105,-0.153,-0.009,15,1972-07-15
1972,8,-0.027,-0.128,0.175,15,1972-08-15
1972,9,-0.212,-0.417,0.196,15,1972-09-15
1972,10,-0.088,-0.095,-0.075,15,1972-10-15
1972,11,-0.276,-0.475,0.122,15,1972-11-15
1972,12,0.028,-0.207,0.5,15,1972-12-15
1973,1,0.171,0.065,0.381,15,1973-01-15
1973,2,0.428,0.54,0.205,15,1973-02-15
1973,3,0.32,0.305,0.35,15,1973-03-15
1973,4,0.281,0.267,0.311,15,1973-04-15
1973,5,0.172,0.121,0.275,15,1973-05-15
1973,6,0.254,0.209,0.342,15,1973-06-15
1973,7,0.09,0.071,0.128,15,1973-07-15
1973,8,0.037,0.081,-0.052,15,1973-08-15
1973,9,-0.012,-0.057,0.078,15,1973-09-15
1973,10,0.021,-0.039,0.14,15,1973-10-15
1973,11,-0.083,-0.092,-0.065,15,1973-11-15
1973,12,-0.103,0.011,-0.332,15,1973-12-15
1974,1,-0.38,-0.399,-0.341,15,1974-01-15
1974,2,-0.615,-0.682,-0.48,15,1974-02-15
1974,3,-0.162,-0.067,-0.352,15,1974-03-15
1974,4,-0.165,-0.068,-0.361,15,1974-04-15
1974,5,-0.214,-0.222,-0.198,15,1974-05-15
1974,6,-0.17,-0.165,-0.179,15,1974-06-15
1974,7,-0.078,-0.095,-0.044,15,1974-07-15
1974,8,-0.049,-0.081,0.015,15,1974-08-15
1974,9,-0.228,-0.166,-0.351,15,1974-09-15
1974,10,-0.322,-0.397,-0.173,15,1974-10-15
1974,11,-0.317,-0.352,-0.248,15,1974-11-15
1974,12,-0.356,-0.428,-0.214,15,1974-12-15
1975,1,0.054,0.203,-0.246,15,1975-01-15
1975,2,0.044,0.135,-0.137,15,1975-02-15
1975,3,0.029,0.117,-0.149,15,1975-03-15
1975,4,0.035,0.159,-0.212,15,1975-04-15
1975,5,0.072,0.04,0.137,15,1975-05-15
1975,6,-0.009,0.022,-0.069,15,1975-06-15
1975,7,-0.059,-0.042,-0.092,15,1975-07-15
1975,8,-0.18,-0.059,-0.422,15,1975-08-15
1975,9,0.005,0.042,-0.069,15,1975-09-15
1975,10,-0.186,-0.094,-0.369,15,1975-10-15
1975,11,-0.297,-0.324,-0.243,15,1975-11-15
1975,12,-0.317,-0.291,-0.371,15,1975-12-15
1976,1,-0.074,0.158,-0.538,15,1976-01-15
1976,2,-0.323,-0.246,-0.477,15,1976-02-15
1976,3,-0.661,-0.736,-0.51,15,1976-03-15
1976,4,-0.17,0.011,-0.532,15,1976-04-15
1976,5,-0.349,-0.304,-0.44,15,1976-05-15
1976,6,-0.302,-0.279,-0.347,15,1976-06-15
1976,7,-0.301,-0.352,-0.199,15,1976-07-15
1976,8,-0.332,-0.271,-0.455,15,1976-08-15
1976,9,-0.201,-0.098,-0.405,15,1976-09-15
1976,10,-0.669,-0.827,-0.355,15,1976-10-15
1976,11,-0.408,-0.568,-0.089,15,1976-11-15
1976,12,-0.302,-0.512,0.119,15,1976-12-15
1977,1,-0.213,-0.396,0.154,15,1977-01-15
1977,2,0.056,0.037,0.094,15,1977-02-15
1977,3,0.169,0.271,-0.035,15,1977-03-15
1977,4,0.237,0.355,0.001,15,1977-04-15
1977,5,0.18,0.282,-0.022,15,1977-05-15
1977,6,0.241,0.309,0.105,15,1977-06-15
1977,7,0.118,0.072,0.21,15,1977-07-15
1977,8,0.046,-0.039,0.214,15,1977-08-15
1977,9,-0.036,0.108,-0.323,15,1977-09-15
1977,10,-0.094,-0.175,0.068,15,1977-10-15
1977,11,0.362,0.507,0.071,15,1977-11-15
1977,12,0.028,0.009,0.066,15,1977-12-15
1978,1,-0.008,0.042,-0.109,15,1978-01-15
1978,2,-0.009,-0.092,0.159,15,1978-02-15
1978,3,0.103,0.099,0.112,15,1978-03-15
1978,4,0.051,0.034,0.086,15,1978-04-15
1978,5,-0.026,-0.111,0.145,15,1978-05-15
1978,6,-0.204,-0.254,-0.104,15,1978-06-15
1978,7,-0.066,-0.218,0.239,15,1978-07-15
1978,8,-0.292,-0.267,-0.341,15,1978-08-15
1978,9,-0.077,-0.077,-0.076,15,1978-09-15
1978,10,-0.1,-0.084,-0.132,15,1978-10-15
1978,11,0.12,0.238,-0.117,15,1978-11-15
1978,12,-0.107,-0.102,-0.118,15,1978-12-15
1979,1,-0.104,-0.218,0.125,15,1979-01-15
1979,2,-0.464,-0.695,-0.001,15,1979-02-15
1979,3,-0.018,-0.073,0.093,15,1979-03-15
1979,4,-0.189,-0.411,0.257,15,1979-04-15
1979,5,-0.131,-0.105,-0.184,15,1979-05-15
1979,6,0.072,0.058,0.102,15,1979-06-15
1979,7,-0.024,0.017,-0.107,15,1979-07-15
1979,8,0.03,-0.069,0.229,15,1979-08-15
1979,9,0.09,0.108,0.054,15,1979-09-15
1979,10,0.182,0.213,0.121,15,1979-10-15
1979,11,0.141,0.144,0.136,15,1979-11-15
1979,12,0.586,0.744,0.27,15,1979-12-15
1980,1,0.146,0.105,0.228,15,1980-01-15
1980,2,0.324,0.381,0.211,15,1980-02-15
1980,3,-0.008,-0.225,0.425,15,1980-03-15
1980,4,0.182,0.1,0.346,15,1980-04-15
1980,5,0.299,0.23,0.436,15,1980-05-15
1980,6,0.112,0.174,-0.012,15,1980-06-15
1980,7,0.097,0.075,0.14,15,1980-07-15
1980,8,0.104,0.042,0.228,15,1980-08-15
1980,9,0.098,0.025,0.244,15,1980-09-15
1980,10,0.14,0.148,0.126,15,1980-10-15
1980,11,0.215,0.252,0.141,15,1980-11-15
1980,12,0.065,-0.011,0.216,15,1980-12-15
1981,1,0.824,1.183,0.107,15,1981-01-15
1981,2,0.653,0.923,0.113,15,1981-02-15
1981,3,0.54,0.804,0.014,15,1981-03-15
1981,4,0.396,0.479,0.229,15,1981-04-15
1981,5,0.142,0.108,0.211,15,1981-05-15
1981,6,0.172,0.262,-0.009,15,1981-06-15
1981,7,0.152,0.092,0.272,15,1981-07-15
1981,8,0.309,0.274,0.38,15,1981-08-15
1981,9,0.108,0.123,0.077,15,1981-09-15
1981,10,0.068,0.205,-0.205,15,1981-10-15
1981,11,0.234,0.382,-0.062,15,1981-11-15
1981,12,0.502,0.662,0.181,15,1981-12-15
1982,1,-0.25,-0.465,0.18,15,1982-01-15
1982,2,0.13,0.153,0.086,15,1982-02-15
1982,3,-0.257,-0.314,-0.143,15,1982-03-15
1982,4,-0.005,0.04,-0.096,15,1982-04-15
1982,5,-0.027,-0.112,0.142,15,1982-05-15
1982,6,-0.145,-0.155,-0.124,15,1982-06-15
1982,7,0.041,0.065,-0.005,15,1982-07-15
1982,8,-0.059,-0.113,0.05,15,1982-08-15
1982,9,0.004,0.081,-0.149,15,1982-09-15
1982,10,-0.15,-0.121,-0.207,15,1982-10-15
1982,11,-0.161,-0.385,0.286,15,1982-11-15
1982,12,0.357,0.368,0.334,15,1982-12-15
1983,1,0.612,0.703,0.429,15,1983-01-15
1983,2,0.403,0.335,0.539,15,1983-02-15
1983,3,0.337,0.335,0.341,15,1983-03-15
1983,4,0.134,0.021,0.362,15,1983-04-15
1983,5,0.144,-0.076,0.583,15,1983-05-15
1983,6,0.102,0.077,0.151,15,1983-06-15
1983,7,0.188,0.316,-0.069,15,1983-07-15
1983,8,0.318,0.372,0.21,15,1983-08-15
1983,9,0.422,0.397,0.471,15,1983-09-15
1983,10,0.148,0.16,0.124,15,1983-10-15
1983,11,0.496,0.726,0.036,15,1983-11-15
1983,12,0.102,0.111,0.085,15,1983-12-15
1984,1,0.154,0.295,-0.128,15,1984-01-15
1984,2,-0.119,-0.197,0.038,15,1984-02-15
1984,3,0.067,0.055,0.09,15,1984-03-15
1984,4,-0.137,-0.162,-0.086,15,1984-04-15
1984,5,0.273,0.283,0.253,15,1984-05-15
1984,6,0.017,0.154,-0.256,15,1984-06-15
1984,7,0.04,0.083,-0.045,15,1984-07-15
1984,8,0.055,0.08,0.004,15,1984-08-15
1984,9,-0.076,-0.171,0.116,15,1984-09-15
1984,10,0.106,0.096,0.126,15,1984-10-15
1984,11,-0.123,-0.225,0.081,15,1984-11-15
1984,12,-0.416,-0.657,0.064,15,1984-12-15
1985,1,0.105,0.041,0.234,15,1985-01-15
1985,2,-0.265,-0.451,0.107,15,1985-02-15
1985,3,-0.083,-0.233,0.217,15,1985-03-15
1985,4,-0.062,-0.128,0.071,15,1985-04-15
1985,5,0.037,0.076,-0.043,15,1985-05-15
1985,6,0.028,-0.007,0.097,15,1985-06-15
1985,7,-0.16,-0.194,-0.091,15,1985-07-15
1985,8,0.117,0.03,0.289,15,1985-08-15
1985,9,0.004,-0.031,0.075,15,1985-09-15
1985,10,0.029,0.051,-0.014,15,1985-10-15
1985,11,-0.005,-0.044,0.073,15,1985-11-15
1985,12,0.086,0.127,0.003,15,1985-12-15
1986,1,0.378,0.507,0.121,15,1986-01-15
1986,2,0.351,0.377,0.299,15,1986-02-15
1986,3,0.189,0.179,0.209,15,1986-03-15
1986,4,0.228,0.2,0.284,15,1986-04-15
1986,5,0.179,0.17,0.197,15,1986-05-15
1986,6,0.065,0.118,-0.042,15,1986-06-15
1986,7,-0.062,-0.084,-0.018,15,1986-07-15
1986,8,0.02,-0.005,0.071,15,1986-08-15
1986,9,-0.123,-0.147,-0.075,15,1986-09-15
1986,10,-0.03,-0.021,-0.047,15,1986-10-15
1986,11,-0.062,-0.082,-0.022,15,1986-11-15
1986,12,0.015,-0.03,0.105,15,1986-12-15
1987,1,0.213,0.161,0.316,15,1987-01-15
1987,2,0.571,0.703,0.306,15,1987-02-15
1987,3,-0.093,-0.258,0.238,15,1987-03-15
1987,4,0.162,-0.013,0.51,15,1987-04-15
1987,5,0.134,0.157,0.089,15,1987-05-15
1987,6,0.226,0.108,0.463,15,1987-06-15
1987,7,0.359,0.314,0.45,15,1987-07-15
1987,8,0.135,0.238,-0.07,15,1987-08-15
1987,9,0.266,0.375,0.047,15,1987-09-15
1987,10,0.246,0.18,0.377,15,1987-10-15
1987,11,0.082,-0.134,0.514,15,1987-11-15
1987,12,0.469,0.537,0.333,15,1987-12-15
1988,1,0.612,0.679,0.478,15,1988-01-15
1988,2,0.325,0.374,0.226,15,1988-02-15
1988,3,0.41,0.329,0.574,15,1988-03-15
1988,4,0.303,0.351,0.206,15,1988-04-15
1988,5,0.404,0.462,0.289,15,1988-05-15
1988,6,0.456,0.508,0.352,15,1988-06-15
1988,7,0.349,0.483,0.081,15,1988-07-15
1988,8,0.333,0.311,0.375,15,1988-08-15
1988,9,0.409,0.359,0.508,15,1988-09-15
1988,10,0.38,0.313,0.515,15,1988-10-15
1988,11,0.037,0.016,0.08,15,1988-11-15
1988,12,0.422,0.647,-0.03,15,1988-12-15
1989,1,-0.01,0.025,-0.079,15,1989-01-15
1989,2,0.457,0.674,0.024,15,1989-02-15
1989,3,0.356,0.549,-0.03,15,1989-03-15
1989,4,0.238,0.377,-0.04,15,1989-04-15
1989,5,0.114,0.205,-0.069,15,1989-05-15
1989,6,0.143,0.205,0.018,15,1989-06-15
1989,7,0.227,0.3,0.083,15,1989-07-15
1989,8,0.237,0.262,0.189,15,1989-08-15
1989,9,0.275,0.267,0.291,15,1989-09-15
1989,10,0.299,0.319,0.26,15,1989-10-15
1989,11,0.026,-0.017,0.113,15,1989-11-15
1989,12,0.334,0.397,0.206,15,1989-12-15
1990,1,0.37,0.448,0.212,15,1990-01-15
1990,2,0.426,0.584,0.111,15,1990-02-15
1990,3,1.171,1.624,0.266,15,1990-03-15
1990,4,0.659,0.874,0.23,15,1990-04-15
1990,5,0.445,0.524,0.287,15,1990-05-15
1990,6,0.463,0.633,0.122,15,1990-06-15
1990,7,0.366,0.328,0.444,15,1990-07-15
1990,8,0.345,0.469,0.097,15,1990-08-15
1990,9,0.224,0.385,-0.097,15,1990-09-15
1990,10,0.467,0.481,0.439,15,1990-10-15
1990,11,0.52,0.482,0.594,15,1990-11-15
1990,12,0.357,0.343,0.386,15,1990-12-15
1991,1,0.494,0.647,0.189,15,1991-01-15
1991,2,0.545,0.635,0.366,15,1991-02-15
1991,3,0.277,0.313,0.203,15,1991-03-15
1991,4,0.545,0.654,0.328,15,1991-04-15
1991,5,0.298,0.312,0.269,15,1991-05-15
1991,6,0.567,0.551,0.598,15,1991-06-15
1991,7,0.471,0.544,0.325,15,1991-07-15
1991,8,0.385,0.45,0.254,15,1991-08-15
1991,9,0.42,0.443,0.373,15,1991-09-15
1991,10,0.334,0.445,0.112,15,1991-10-15
1991,11,0.275,0.403,0.021,15,1991-11-15
1991,12,0.141,0.177,0.069,15,1991-12-15
1992,1,0.654,0.897,0.169,15,1992-01-15
1992,2,0.463,0.641,0.107,15,1992-02-15
1992,3,0.419,0.457,0.342,15,1992-03-15
1992,4,0.061,-0.047,0.277,15,1992-04-15
1992,5,0.075,0.017,0.189,15,1992-05-15
1992,6,0.029,-0.142,0.371,15,1992-06-15
1992,7,-0.261,-0.316,-0.151,15,1992-07-15
1992,8,-0.126,-0.171,-0.034,15,1992-08-15
1992,9,-0.258,-0.339,-0.095,15,1992-09-15
1992,10,-0.19,-0.314,0.057,15,1992-10-15
1992,11,-0.212,-0.208,-0.221,15,1992-11-15
1992,12,0.15,0.279,-0.107,15,1992-12-15
1993,1,0.392,0.529,0.119,15,1993-01-15
1993,2,0.458,0.769,-0.166,15,1993-02-15
1993,3,0.322,0.411,0.146,15,1993-03-15
1993,4,0.189,0.154,0.258,15,1993-04-15
1993,5,0.226,0.24,0.199,15,1993-05-15
1993,6,0.181,0.245,0.053,15,1993-06-15
1993,7,0.153,0.114,0.231,15,1993-07-15
1993,8,0.049,0.044,0.061,15,1993-08-15
1993,9,-0.095,-0.124,-0.037,15,1993-09-15
1993,10,0.147,0.129,0.184,15,1993-10-15
1993,11,-0.247,-0.463,0.184,15,1993-11-15
1993,12,0.185,0.244,0.068,15,1993-12-15
1994,1,0.269,0.308,0.192,15,1994-01-15
1994,2,-0.147,-0.186,-0.07,15,1994-02-15
1994,3,0.26,0.439,-0.098,15,1994-03-15
1994,4,0.414,0.599,0.046,15,1994-04-15
1994,5,0.315,0.402,0.143,15,1994-05-15
1994,6,0.433,0.487,0.326,15,1994-06-15
1994,7,0.226,0.402,-0.125,15,1994-07-15
1994,8,0.231,0.375,-0.057,15,1994-08-15
1994,9,0.319,0.327,0.301,15,1994-09-15
1994,10,0.46,0.628,0.122,15,1994-10-15
1994,11,0.505,0.567,0.38,15,1994-11-15
1994,12,0.359,0.326,0.426,15,1994-12-15
1995,1,0.742,1.039,0.146,15,1995-01-15
1995,2,1.185,1.702,0.152,15,1995-02-15
1995,3,0.44,0.591,0.138,15,1995-03-15
1995,4,0.62,0.88,0.1,15,1995-04-15
1995,5,0.353,0.483,0.094,15,1995-05-15
1995,6,0.528,0.678,0.23,15,1995-06-15
1995,7,0.447,0.398,0.545,15,1995-07-15
1995,8,0.572,0.682,0.352,15,1995-08-15
1995,9,0.466,0.539,0.321,15,1995-09-15
1995,10,0.674,0.861,0.299,15,1995-10-15
1995,11,0.589,0.735,0.298,15,1995-11-15
1995,12,0.179,0.2,0.138,15,1995-12-15
1996,1,0.245,0.33,0.075,15,1996-01-15
1996,2,0.561,0.73,0.224,15,1996-02-15
1996,3,0.252,0.267,0.221,15,1996-03-15
1996,4,0.091,0.06,0.152,15,1996-04-15
1996,5,0.286,0.346,0.166,15,1996-05-15
1996,6,0.223,0.246,0.177,15,1996-06-15
1996,7,0.307,0.329,0.263,15,1996-07-15
1996,8,0.311,0.112,0.709,15,1996-08-15
1996,9,0.146,0.004,0.43,15,1996-09-15
1996,10,0.13,0.022,0.347,15,1996-10-15
1996,11,0.36,0.441,0.196,15,1996-11-15
1996,12,0.408,0.517,0.19,15,1996-12-15
1997,1,0.372,0.526,0.064,15,1997-01-15
1997,2,0.525,0.785,0.004,15,1997-02-15
1997,3,0.554,0.852,-0.041,15,1997-03-15
1997,4,0.389,0.575,0.018,15,1997-04-15
1997,5,0.32,0.447,0.066,15,1997-05-15
1997,6,0.55,0.582,0.486,15,1997-06-15
1997,7,0.32,0.398,0.164,15,1997-07-15
1997,8,0.434,0.527,0.247,15,1997-08-15
1997,9,0.484,0.497,0.46,15,1997-09-15
1997,10,0.611,0.727,0.379,15,1997-10-15
1997,11,0.614,0.601,0.64,15,1997-11-15
1997,12,0.563,0.522,0.644,15,1997-12-15
1998,1,0.669,0.663,0.682,15,1998-01-15
1998,2,1.224,1.378,0.915,15,1998-02-15
1998,3,0.787,0.768,0.826,15,1998-03-15
1998,4,0.998,1.206,0.582,15,1998-04-15
1998,5,0.807,0.809,0.804,15,1998-05-15
1998,6,0.936,0.943,0.924,15,1998-06-15
1998,7,0.963,0.999,0.89,15,1998-07-15
1998,8,0.887,0.941,0.777,15,1998-08-15
1998,9,0.706,0.842,0.434,15,1998-09-15
1998,10,0.66,0.702,0.574,15,1998-10-15
1998,11,0.445,0.488,0.359,15,1998-11-15
1998,12,0.839,1.113,0.291,15,1998-12-15
1999,1,0.698,0.863,0.369,15,1999-01-15
1999,2,1.113,1.524,0.292,15,1999-02-15
1999,3,0.251,0.203,0.346,15,1999-03-15
1999,4,0.455,0.763,-0.161,15,1999-04-15
1999,5,0.37,0.431,0.249,15,1999-05-15
1999,6,0.469,0.478,0.45,15,1999-06-15
1999,7,0.449,0.513,0.322,15,1999-07-15
1999,8,0.439,0.472,0.373,15,1999-08-15
1999,9,0.561,0.683,0.317,15,1999-09-15
1999,10,0.521,0.617,0.33,15,1999-10-15
1999,11,0.463,0.742,-0.096,15,1999-11-15
1999,12,0.663,1.06,-0.131,15,1999-12-15
2000,1,0.275,0.492,-0.159,15,2000-01-15
2000,2,0.938,1.392,0.03,15,2000-02-15
2000,3,0.753,1.145,-0.031,15,2000-03-15
2000,4,0.895,1.281,0.124,15,2000-04-15
2000,5,0.457,0.718,-0.065,15,2000-05-15
2000,6,0.457,0.516,0.339,15,2000-06-15
2000,7,0.433,0.558,0.181,15,2000-07-15
2000,8,0.499,0.612,0.272,15,2000-08-15
2000,9,0.382,0.402,0.343,15,2000-09-15
2000,10,0.278,0.325,0.183,15,2000-10-15
2000,11,0.178,0.177,0.18,15,2000-11-15
2000,12,0.254,0.309,0.143,15,2000-12-15
2001,1,0.647,0.849,0.243,15,2001-01-15
2001,2,0.55,0.611,0.428,15,2001-02-15
2001,3,0.722,0.985,0.196,15,2001-03-15
2001,4,0.598,0.799,0.197,15,2001-04-15
2001,5,0.698,0.928,0.239,15,2001-05-15
2001,6,0.547,0.607,0.427,15,2001-06-15
2001,7,0.627,0.783,0.316,15,2001-07-15
2001,8,0.737,0.887,0.437,15,2001-08-15
2001,9,0.618,0.655,0.543,15,2001-09-15
2001,10,0.624,0.78,0.31,15,2001-10-15
2001,11,1.056,1.417,0.334,15,2001-11-15
2001,12,0.703,0.92,0.269,15,2001-12-15
2002,1,1.103,1.498,0.314,15,2002-01-15
2002,2,1.199,1.709,0.18,15,2002-02-15
2002,3,1.192,1.497,0.583,15,2002-03-15
2002,4,0.707,0.65,0.821,15,2002-04-15
2002,5,0.619,0.542,0.773,15,2002-05-15
2002,6,0.647,0.853,0.236,15,2002-06-15
2002,7,0.82,0.898,0.664,15,2002-07-15
2002,8,0.642,0.68,0.568,15,2002-08-15
2002,9,0.706,0.789,0.539,15,2002-09-15
2002,10,0.575,0.556,0.613,15,2002-10-15
2002,11,0.774,0.918,0.487,15,2002-11-15
2002,12,0.416,0.406,0.437,15,2002-12-15
2003,1,1.033,1.27,0.561,15,2003-01-15
2003,2,0.652,0.684,0.588,15,2003-02-15
2003,3,0.591,0.688,0.398,15,2003-03-15
2003,4,0.672,0.792,0.432,15,2003-04-15
2003,5,0.814,0.955,0.531,15,2003-05-15
2003,6,0.636,0.631,0.647,15,2003-06-15
2003,7,0.624,0.752,0.37,15,2003-07-15
2003,8,0.832,1.059,0.38,15,2003-08-15
2003,9,0.791,0.917,0.539,15,2003-09-15
2003,10,0.968,1.274,0.355,15,2003-10-15
2003,11,0.706,0.847,0.422,15,2003-11-15
2003,12,1.065,1.354,0.488,15,2003-12-15
2004,1,0.734,0.819,0.564,15,2004-01-15
2004,2,1.024,1.314,0.444,15,2004-02-15
2004,3,0.875,1.122,0.382,15,2004-03-15
2004,4,0.733,0.859,0.48,15,2004-04-15
2004,5,0.331,0.523,-0.051,15,2004-05-15
2004,6,0.446,0.465,0.407,15,2004-06-15
2004,7,0.315,0.498,-0.051,15,2004-07-15
2004,8,0.467,0.551,0.299,15,2004-08-15
2004,9,0.559,0.648,0.381,15,2004-09-15
2004,10,0.751,0.783,0.688,15,2004-10-15
2004,11,1.043,1.306,0.516,15,2004-11-15
2004,12,0.474,0.43,0.562,15,2004-12-15
2005,1,1.009,1.184,0.661,15,2005-01-15
2005,2,0.705,0.705,0.705,15,2005-02-15
2005,3,0.953,1.105,0.648,15,2005-03-15
2005,4,1.022,1.241,0.583,15,2005-04-15
2005,5,0.751,0.901,0.451,15,2005-05-15
2005,6,0.862,0.956,0.675,15,2005-06-15
2005,7,0.769,0.911,0.485,15,2005-07-15
2005,8,0.703,0.764,0.58,15,2005-08-15
2005,9,1.0,1.181,0.638,15,2005-09-15
2005,10,1.13,1.339,0.714,15,2005-10-15
2005,11,1.203,1.549,0.511,15,2005-11-15
2005,12,0.906,1.121,0.474,15,2005-12-15
2006,1,0.7,0.776,0.548,15,2006-01-15
2006,2,1.051,1.338,0.477,15,2006-02-15
2006,3,0.814,1.023,0.396,15,2006-03-15
2006,4,0.643,0.787,0.355,15,2006-04-15
2006,5,0.582,0.967,-0.187,15,2006-05-15
2006,6,0.841,1.093,0.336,15,2006-06-15
2006,7,0.706,0.818,0.481,15,2006-07-15
2006,8,0.784,0.891,0.569,15,2006-08-15
2006,9,0.792,0.975,0.426,15,2006-09-15
2006,10,1.02,1.235,0.589,15,2006-10-15
2006,11,0.976,1.177,0.574,15,2006-11-15
2006,12,1.281,1.726,0.39,15,2006-12-15
2007,1,1.657,2.18,0.61,15,2007-01-15
2007,2,1.0,1.245,0.511,15,2007-02-15
2007,3,0.963,1.213,0.464,15,2007-03-15
2007,4,1.179,1.502,0.533,15,2007-04-15
2007,5,0.826,0.919,0.639,15,2007-05-15
2007,6,0.685,0.873,0.309,15,2007-06-15
2007,7,0.697,0.883,0.325,15,2007-07-15
2007,8,0.846,1.054,0.43,15,2007-08-15
2007,9,0.838,0.872,0.768,15,2007-09-15
2007,10,1.009,1.205,0.618,15,2007-10-15
2007,11,0.854,1.119,0.325,15,2007-11-15
2007,12,0.836,1.152,0.204,15,2007-12-15
2008,1,0.374,0.384,0.355,15,2008-01-15
2008,2,0.465,0.662,0.071,15,2008-02-15
2008,3,1.146,1.608,0.223,15,2008-03-15
2008,4,0.632,0.904,0.089,15,2008-04-15
2008,5,0.556,0.809,0.051,15,2008-05-15
2008,6,0.586,0.793,0.172,15,2008-06-15
2008,7,0.742,0.754,0.717,15,2008-07-15
2008,8,0.557,0.726,0.219,15,2008-08-15
2008,9,0.685,0.655,0.743,15,2008-09-15
2008,10,1.004,1.154,0.702,15,2008-10-15
2008,11,1.057,1.303,0.566,15,2008-11-15
2008,12,0.755,0.924,0.417,15,2008-12-15
2009,1,0.898,1.124,0.445,15,2009-01-15
2009,2,0.785,0.989,0.376,15,2009-02-15
2009,3,0.614,0.661,0.52,15,2009-03-15
2009,4,0.821,0.96,0.544,15,2009-04-15
2009,5,0.643,0.696,0.536,15,2009-05-15
2009,6,0.682,0.716,0.614,15,2009-06-15
2009,7,0.656,0.683,0.602,15,2009-07-15
2009,8,0.822,0.778,0.911,15,2009-08-15
2009,9,1.031,1.137,0.818,15,2009-09-15
2009,10,0.791,0.937,0.497,15,2009-10-15
2009,11,0.914,0.962,0.817,15,2009-11-15
2009,12,0.671,0.716,0.583,15,2009-12-15
2010,1,0.903,1.027,0.655,15,2010-01-15
2010,2,1.047,1.165,0.811,15,2010-02-15
2010,3,1.185,1.354,0.845,15,2010-03-15
2010,4,1.156,1.425,0.619,15,2010-04-15
2010,5,1.022,1.169,0.728,15,2010-05-15
2010,6,0.971,1.13,0.654,15,2010-06-15
2010,7,0.956,1.184,0.501,15,2010-07-15
2010,8,0.904,1.181,0.349,15,2010-08-15
2010,9,0.837,0.94,0.632,15,2010-09-15
2010,10,1.029,1.298,0.49,15,2010-10-15
2010,11,1.331,1.863,0.268,15,2010-11-15
2010,12,0.607,0.793,0.233,15,2010-12-15
2011,1,0.656,0.772,0.424,15,2011-01-15
2011,2,0.519,0.65,0.255,15,2011-02-15
2011,3,0.73,1.043,0.104,15,2011-03-15
2011,4,0.914,1.262,0.219,15,2011-04-15
2011,5,0.57,0.842,0.026,15,2011-05-15
2011,6,0.804,1.051,0.309,15,2011-06-15
2011,7,0.863,1.003,0.585,15,2011-07-15
2011,8,0.862,0.976,0.635,15,2011-08-15
2011,9,0.88,1.081,0.48,15,2011-09-15
2011,10,1.054,1.38,0.401,15,2011-10-15
2011,11,0.81,0.941,0.549,15,2011-11-15
2011,12,0.957,1.28,0.311,15,2011-12-15
2012,1,0.627,0.817,0.247,15,2012-01-15
2012,2,0.563,0.738,0.212,15,2012-02-15
2012,3,0.633,0.843,0.212,15,2012-03-15
2012,4,1.07,1.524,0.16,15,2012-04-15
2012,5,1.005,1.358,0.299,15,2012-05-15
2012,6,0.983,1.342,0.265,15,2012-06-15
2012,7,0.803,1.161,0.087,15,2012-07-15
2012,8,0.867,1.03,0.541,15,2012-08-15
2012,9,0.944,1.1,0.632,15,2012-09-15
2012,10,0.991,1.133,0.708,15,2012-10-15
2012,11,1.039,1.186,0.746,15,2012-11-15
2012,12,0.443,0.305,0.719,15,2012-12-15
2013,1,0.987,1.091,0.777,15,2013-01-15
2013,2,0.887,1.117,0.425,15,2013-02-15
2013,3,0.755,0.903,0.457,15,2013-03-15
2013,4,0.702,0.806,0.495,15,2013-04-15
2013,5,0.767,0.971,0.359,15,2013-05-15
2013,6,0.958,1.013,0.846,15,2013-06-15
2013,7,0.711,0.777,0.579,15,2013-07-15
2013,8,0.788,0.896,0.572,15,2013-08-15
2013,9,0.889,0.782,1.105,15,2013-09-15
2013,10,0.964,1.097,0.7,15,2013-10-15
2013,11,1.154,1.458,0.545,15,2013-11-15
2013,12,0.913,1.058,0.624,15,2013-12-15
2014,1,1.019,1.271,0.515,15,2014-01-15
2014,2,0.614,0.83,0.181,15,2014-02-15
2014,3,1.057,1.533,0.104,15,2014-03-15
2014,4,1.098,1.44,0.413,15,2014-04-15
2014,5,1.008,1.086,0.852,15,2014-05-15
2014,6,0.873,0.971,0.677,15,2014-06-15
2014,7,0.709,0.839,0.448,15,2014-07-15
2014,8,0.85,0.991,0.567,15,2014-08-15
2014,9,0.895,0.854,0.977,15,2014-09-15
2014,10,1.052,1.106,0.944,15,2014-10-15
2014,11,0.799,0.886,0.624,15,2014-11-15
2014,12,1.121,1.437,0.489,15,2014-12-15
2015,1,1.204,1.605,0.4,15,2015-01-15
2015,2,1.194,1.475,0.633,15,2015-02-15
2015,3,1.32,1.675,0.609,15,2015-03-15
2015,4,0.941,1.237,0.347,15,2015-04-15
2015,5,0.968,1.196,0.514,15,2015-05-15
2015,6,1.051,1.219,0.714,15,2015-06-15
2015,7,0.788,0.93,0.506,15,2015-07-15
2015,8,0.952,1.051,0.753,15,2015-08-15
2015,9,1.027,1.299,0.483,15,2015-09-15
2015,10,1.288,1.376,1.11,15,2015-10-15
2015,11,1.419,1.665,0.926,15,2015-11-15
2015,12,1.733,2.129,0.941,15,2015-12-15
2016,1,1.6,1.994,0.814,15,2016-01-15
2016,2,2.134,2.703,0.995,15,2016-02-15
2016,3,1.978,2.506,0.923,15,2016-03-15
2016,4,1.63,2.035,0.818,15,2016-04-15
2016,5,1.198,1.384,0.826,15,2016-05-15
2016,6,1.109,1.415,0.497,15,2016-06-15
2016,7,1.04,1.241,0.639,15,2016-07-15
2016,8,1.286,1.43,0.996,15,2016-08-15
2016,9,1.237,1.552,0.606,15,2016-09-15
2016,10,1.032,1.206,0.683,15,2016-10-15
2016,11,1.052,1.163,0.83,15,2016-11-15
2016,12,1.166,1.356,0.787,15,2016-12-15
2017,1,1.459,1.846,0.684,15,2017-01-15
2017,2,1.686,2.149,0.76,15,2017-02-15
2017,3,1.615,2.045,0.756,15,2017-03-15
2017,4,1.153,1.533,0.393,15,2017-04-15
2017,5,0.989,1.033,0.901,15,2017-05-15
2017,6,0.92,1.083,0.593,15,2017-06-15
2017,7,1.057,1.069,1.034,15,2017-07-15
2017,8,1.067,1.144,0.912,15,2017-08-15
2017,9,1.05,1.148,0.853,15,2017-09-15
2017,10,1.124,1.205,0.962,15,2017-10-15
2017,11,1.053,1.299,0.559,15,2017-11-15
2017,12,1.359,1.711,0.656,15,2017-12-15
2018,1,1.099,1.35,0.596,15,2018-01-15
2018,2,1.153,1.446,0.566,15,2018-02-15
2018,3,1.144,1.399,0.636,15,2018-03-15
2018,4,1.188,1.188,1.187,15,2018-04-15
2018,5,0.973,1.082,0.755,15,2018-05-15
2018,6,0.944,1.095,0.641,15,2018-06-15
2018,7,1.034,1.166,0.769,15,2018-07-15
2018,8,0.887,1.033,0.596,15,2018-08-15
2018,9,0.914,1.011,0.72,15,2018-09-15
2018,10,1.169,1.351,0.804,15,2018-10-15
2018,11,0.837,0.934,0.642,15,2018-11-15
2018,12,1.176,1.306,0.915,15,2018-12-15
2019,1,1.231,1.431,0.831,15,2019-01-15
2019,2,1.23,1.476,0.739,15,2019-02-15
2019,3,1.658,2.083,0.809,15,2019-03-15
2019,4,1.418,1.706,0.841,15,2019-04-15
2019,5,0.968,1.097,0.71,15,2019-05-15
2019,6,1.182,1.426,0.695,15,2019-06-15
2019,7,1.004,1.063,0.886,15,2019-07-15
2019,8,0.982,1.16,0.626,15,2019-08-15
2019,9,1.103,1.364,0.583,15,2019-09-15
2019,10,1.297,1.497,0.895,15,2019-10-15
2019,11,1.186,1.232,1.092,15,2019-11-15
2019,12,1.618,1.875,1.104,15,2019-12-15
